CREATE DATABASE  IF NOT EXISTS `comp8047` /*!40100 DEFAULT CHARACTER SET utf8mb4 COLLATE utf8mb4_0900_ai_ci */ /*!80016 DEFAULT ENCRYPTION='N' */;
USE `comp8047`;
-- MySQL dump 10.13  Distrib 8.0.22, for Win64 (x86_64)
--
-- Host: 127.0.0.1    Database: comp8047
-- ------------------------------------------------------
-- Server version	8.0.22

/*!40101 SET @OLD_CHARACTER_SET_CLIENT=@@CHARACTER_SET_CLIENT */;
/*!40101 SET @OLD_CHARACTER_SET_RESULTS=@@CHARACTER_SET_RESULTS */;
/*!40101 SET @OLD_COLLATION_CONNECTION=@@COLLATION_CONNECTION */;
/*!50503 SET NAMES utf8 */;
/*!40103 SET @OLD_TIME_ZONE=@@TIME_ZONE */;
/*!40103 SET TIME_ZONE='+00:00' */;
/*!40014 SET @OLD_UNIQUE_CHECKS=@@UNIQUE_CHECKS, UNIQUE_CHECKS=0 */;
/*!40014 SET @OLD_FOREIGN_KEY_CHECKS=@@FOREIGN_KEY_CHECKS, FOREIGN_KEY_CHECKS=0 */;
/*!40101 SET @OLD_SQL_MODE=@@SQL_MODE, SQL_MODE='NO_AUTO_VALUE_ON_ZERO' */;
/*!40111 SET @OLD_SQL_NOTES=@@SQL_NOTES, SQL_NOTES=0 */;

--
-- Table structure for table `chat_messages`
--

DROP TABLE IF EXISTS `chat_messages`;
/*!40101 SET @saved_cs_client     = @@character_set_client */;
/*!50503 SET character_set_client = utf8mb4 */;
CREATE TABLE `chat_messages` (
  `id` bigint NOT NULL AUTO_INCREMENT,
  `content` varchar(2000) NOT NULL,
  `created_at` datetime(6) NOT NULL,
  `deleted_at` datetime(6) DEFAULT NULL,
  `edited_at` datetime(6) DEFAULT NULL,
  `is_deleted` bit(1) DEFAULT NULL,
  `is_edited` bit(1) DEFAULT NULL,
  `is_system_message` bit(1) DEFAULT NULL,
  `message_type` enum('NOTIFICATION','SYSTEM','TEXT') NOT NULL,
  `updated_at` datetime(6) DEFAULT NULL,
  `sender_id` bigint NOT NULL,
  `travel_plan_id` bigint NOT NULL,
  PRIMARY KEY (`id`),
  KEY `FKgiqeap8ays4lf684x7m0r2729` (`sender_id`),
  KEY `FKasemqitrsxugo2y6j5f9ijqsm` (`travel_plan_id`),
  CONSTRAINT `FKasemqitrsxugo2y6j5f9ijqsm` FOREIGN KEY (`travel_plan_id`) REFERENCES `travel_plans` (`id`),
  CONSTRAINT `FKgiqeap8ays4lf684x7m0r2729` FOREIGN KEY (`sender_id`) REFERENCES `users` (`id`)
) ENGINE=InnoDB AUTO_INCREMENT=46 DEFAULT CHARSET=utf8mb4 COLLATE=utf8mb4_0900_ai_ci;
/*!40101 SET character_set_client = @saved_cs_client */;

--
-- Dumping data for table `chat_messages`
--

LOCK TABLES `chat_messages` WRITE;
/*!40000 ALTER TABLE `chat_messages` DISABLE KEYS */;
INSERT INTO `chat_messages` VALUES (1,'kk','2025-09-09 01:00:36.623150',NULL,NULL,_binary '\0',_binary '\0',_binary '\0','TEXT',NULL,2,8),(2,'Ty','2025-09-09 01:02:15.833238',NULL,NULL,_binary '\0',_binary '\0',_binary '\0','TEXT',NULL,8,8),(3,'Hello Test6','2025-09-09 01:02:25.402340',NULL,NULL,_binary '\0',_binary '\0',_binary '\0','TEXT',NULL,2,8),(4,'Hello guys!','2025-09-09 01:09:48.690218',NULL,NULL,_binary '\0',_binary '\0',_binary '\0','TEXT',NULL,7,8),(5,'Hi!','2025-09-09 01:10:18.624785',NULL,NULL,_binary '\0',_binary '\0',_binary '\0','TEXT',NULL,2,8),(6,'Hello','2025-09-09 01:10:44.346936',NULL,NULL,_binary '\0',_binary '\0',_binary '\0','TEXT',NULL,7,8),(7,'Nihao','2025-09-09 01:10:49.327603',NULL,NULL,_binary '\0',_binary '\0',_binary '\0','TEXT',NULL,2,8),(8,'Hello Ellie','2025-09-09 02:02:07.837876',NULL,NULL,_binary '\0',_binary '\0',_binary '\0','TEXT',NULL,7,8),(9,'Hello','2025-09-09 20:49:42.476355',NULL,NULL,_binary '\0',_binary '\0',_binary '\0','TEXT',NULL,3,7),(10,'How are you doing?','2025-09-09 20:49:48.414412',NULL,NULL,_binary '\0',_binary '\0',_binary '\0','TEXT',NULL,3,7),(11,'Good how are you?','2025-09-09 20:49:59.681259',NULL,NULL,_binary '\0',_binary '\0',_binary '\0','TEXT',NULL,3,7),(12,'when i was a young boy, i usually sent message like thiswhen i was a young boy, i usually sent message like thiswhen i was a young boy, i usually sent message like this ?','2025-09-09 21:34:43.746559',NULL,NULL,_binary '\0',_binary '\0',_binary '\0','TEXT',NULL,3,7),(13,'Hey','2025-09-10 22:55:14.425085',NULL,NULL,_binary '\0',_binary '\0',_binary '\0','TEXT',NULL,6,7),(14,'What do we have for lunch?','2025-09-10 22:55:23.800163',NULL,NULL,_binary '\0',_binary '\0',_binary '\0','TEXT',NULL,6,7),(15,'aloha','2025-09-10 23:23:16.924203',NULL,NULL,_binary '\0',_binary '\0',_binary '\0','TEXT',NULL,6,7),(16,'That\'s correct','2025-09-10 23:26:07.104833',NULL,NULL,_binary '\0',_binary '\0',_binary '\0','TEXT',NULL,6,7),(17,'Beautiful!','2025-09-11 06:31:51.642745',NULL,NULL,_binary '\0',_binary '\0',_binary '\0','TEXT',NULL,6,7),(18,'Nice','2025-09-11 06:32:02.718377',NULL,NULL,_binary '\0',_binary '\0',_binary '\0','TEXT',NULL,3,7),(19,'Hi Test5!','2025-09-11 23:22:21.076291',NULL,NULL,_binary '\0',_binary '\0',_binary '\0','TEXT',NULL,2,8),(20,'Hi Fiona','2025-09-11 23:22:42.502457',NULL,NULL,_binary '\0',_binary '\0',_binary '\0','TEXT',NULL,7,8),(21,'Hey guys, I\'m coming!','2025-09-11 23:27:57.381188',NULL,NULL,_binary '\0',_binary '\0',_binary '\0','TEXT',NULL,8,8),(22,'Good','2025-09-11 23:28:06.297854',NULL,NULL,_binary '\0',_binary '\0',_binary '\0','TEXT',NULL,2,8),(23,'where shall we go?','2025-09-11 23:54:11.066416',NULL,NULL,_binary '\0',_binary '\0',_binary '\0','TEXT',NULL,6,7),(24,'Hello','2025-09-12 21:40:37.842187',NULL,NULL,_binary '\0',_binary '\0',_binary '\0','TEXT',NULL,65,9),(25,'Hi Danielle','2025-09-12 21:40:46.689394',NULL,NULL,_binary '\0',_binary '\0',_binary '\0','TEXT',NULL,10,9),(26,'Good Morning Alice!','2025-09-12 21:40:54.830178',NULL,NULL,_binary '\0',_binary '\0',_binary '\0','TEXT',NULL,65,9),(27,'hello','2025-09-29 05:00:49.867042',NULL,NULL,_binary '\0',_binary '\0',_binary '\0','TEXT',NULL,110,60),(28,'hey','2025-09-29 05:00:58.786103',NULL,NULL,_binary '\0',_binary '\0',_binary '\0','TEXT',NULL,111,60),(29,'what do you want to eat','2025-09-29 19:49:26.501396',NULL,NULL,_binary '\0',_binary '\0',_binary '\0','TEXT',NULL,111,60),(30,'Anything should be fine','2025-09-29 19:49:41.731188',NULL,NULL,_binary '\0',_binary '\0',_binary '\0','TEXT',NULL,110,60),(31,'hi','2025-09-30 01:09:28.661291',NULL,NULL,_binary '\0',_binary '\0',_binary '\0','TEXT',NULL,111,62),(32,'hi','2025-09-30 01:09:42.535712',NULL,NULL,_binary '\0',_binary '\0',_binary '\0','TEXT',NULL,111,62),(33,'9','2025-09-30 01:09:55.734665',NULL,NULL,_binary '\0',_binary '\0',_binary '\0','TEXT',NULL,111,62),(34,'456','2025-09-30 01:09:59.318811',NULL,NULL,_binary '\0',_binary '\0',_binary '\0','TEXT',NULL,111,62),(35,'d','2025-09-30 01:10:03.069087',NULL,NULL,_binary '\0',_binary '\0',_binary '\0','TEXT',NULL,111,62),(36,'Hello','2025-10-01 20:18:58.993963',NULL,NULL,_binary '\0',_binary '\0',_binary '\0','TEXT',NULL,110,62),(37,'hi there','2025-10-01 20:19:06.824463',NULL,NULL,_binary '\0',_binary '\0',_binary '\0','TEXT',NULL,111,62),(38,'hihihi','2025-10-02 20:54:03.521814',NULL,NULL,_binary '\0',_binary '\0',_binary '\0','TEXT',NULL,111,62),(39,'Yeah!','2025-10-02 20:54:07.080572',NULL,NULL,_binary '\0',_binary '\0',_binary '\0','TEXT',NULL,110,62),(40,'?','2025-10-02 20:54:14.597206',NULL,NULL,_binary '\0',_binary '\0',_binary '\0','TEXT',NULL,110,62),(41,'Hello!','2025-10-11 17:32:58.956383',NULL,NULL,_binary '\0',_binary '\0',_binary '\0','TEXT',NULL,1,63),(42,'Hi!','2025-10-11 17:33:05.250831',NULL,NULL,_binary '\0',_binary '\0',_binary '\0','TEXT',NULL,81,63),(43,'Where shall we meet?','2025-10-11 17:33:14.000859',NULL,NULL,_binary '\0',_binary '\0',_binary '\0','TEXT',NULL,1,63),(44,'How about the departure of airport?','2025-10-11 17:33:48.201876',NULL,NULL,_binary '\0',_binary '\0',_binary '\0','TEXT',NULL,80,63),(45,'That sounds good to me!','2025-10-11 17:34:09.159442',NULL,NULL,_binary '\0',_binary '\0',_binary '\0','TEXT',NULL,105,63);
/*!40000 ALTER TABLE `chat_messages` ENABLE KEYS */;
UNLOCK TABLES;

--
-- Table structure for table `expense_allocations`
--

DROP TABLE IF EXISTS `expense_allocations`;
/*!40101 SET @saved_cs_client     = @@character_set_client */;
/*!50503 SET character_set_client = utf8mb4 */;
CREATE TABLE `expense_allocations` (
  `id` bigint NOT NULL AUTO_INCREMENT,
  `amount` decimal(10,2) NOT NULL,
  `created_at` datetime(6) NOT NULL,
  `is_paid` bit(1) DEFAULT NULL,
  `notes` varchar(500) DEFAULT NULL,
  `paid_at` datetime(6) DEFAULT NULL,
  `payment_method` varchar(255) DEFAULT NULL,
  `shared_expense_id` bigint NOT NULL,
  `user_id` bigint NOT NULL,
  PRIMARY KEY (`id`),
  KEY `FKhbsju2leaeou8bi97x4bfr86l` (`shared_expense_id`),
  KEY `FK7ilj2nlkgbio0eyy4l3uhqbsn` (`user_id`),
  CONSTRAINT `FK7ilj2nlkgbio0eyy4l3uhqbsn` FOREIGN KEY (`user_id`) REFERENCES `users` (`id`),
  CONSTRAINT `FKhbsju2leaeou8bi97x4bfr86l` FOREIGN KEY (`shared_expense_id`) REFERENCES `shared_expenses` (`id`)
) ENGINE=InnoDB AUTO_INCREMENT=18 DEFAULT CHARSET=utf8mb4 COLLATE=utf8mb4_0900_ai_ci;
/*!40101 SET character_set_client = @saved_cs_client */;

--
-- Dumping data for table `expense_allocations`
--

LOCK TABLES `expense_allocations` WRITE;
/*!40000 ALTER TABLE `expense_allocations` DISABLE KEYS */;
INSERT INTO `expense_allocations` VALUES (1,66.67,'2025-09-12 01:41:23.912267',_binary '\0',NULL,NULL,NULL,1,2),(2,66.67,'2025-09-12 01:41:23.914272',_binary '\0',NULL,NULL,NULL,1,7),(3,66.67,'2025-09-12 01:41:23.915269',_binary '\0',NULL,NULL,NULL,1,8),(4,63.00,'2025-09-12 05:34:42.091571',_binary '\0',NULL,NULL,NULL,2,7),(5,63.00,'2025-09-12 05:34:42.093574',_binary '\0',NULL,NULL,NULL,2,2),(6,100.00,'2025-09-12 18:54:52.515521',_binary '\0',NULL,NULL,NULL,3,2),(7,100.00,'2025-09-12 18:54:52.517517',_binary '\0',NULL,NULL,NULL,3,8),(8,53.33,'2025-09-12 21:46:26.733191',_binary '\0',NULL,NULL,NULL,4,10),(9,53.33,'2025-09-12 21:46:26.734194',_binary '\0',NULL,NULL,NULL,4,66),(10,53.33,'2025-09-12 21:46:26.736192',_binary '\0',NULL,NULL,NULL,4,68),(11,100.00,'2025-09-29 06:01:04.368752',_binary '\0',NULL,NULL,NULL,5,110),(12,100.00,'2025-09-29 06:01:04.371748',_binary '\0',NULL,NULL,NULL,5,111),(13,28.00,'2025-09-29 19:04:44.939544',_binary '\0',NULL,NULL,NULL,6,111),(14,28.00,'2025-09-29 19:04:44.941544',_binary '\0',NULL,NULL,NULL,6,1),(15,62.99,'2025-10-11 18:27:07.690194',_binary '\0',NULL,NULL,NULL,7,1),(16,62.99,'2025-10-11 18:27:07.691195',_binary '\0',NULL,NULL,NULL,7,81),(17,62.99,'2025-10-11 18:27:07.692193',_binary '\0',NULL,NULL,NULL,7,102);
/*!40000 ALTER TABLE `expense_allocations` ENABLE KEYS */;
UNLOCK TABLES;

--
-- Table structure for table `notifications`
--

DROP TABLE IF EXISTS `notifications`;
/*!40101 SET @saved_cs_client     = @@character_set_client */;
/*!50503 SET character_set_client = utf8mb4 */;
CREATE TABLE `notifications` (
  `id` bigint NOT NULL AUTO_INCREMENT,
  `content` text,
  `created_at` datetime(6) NOT NULL,
  `error_message` text,
  `max_retries` int DEFAULT NULL,
  `notification_type` enum('APPLICATION_STATUS_UPDATE','CUSTOM_NOTIFICATION','INVITATION_NOTIFICATION','SYSTEM_NOTIFICATION','TRAVEL_PLAN_COMPLETION','TRAVEL_PLAN_START_REMINDER') NOT NULL,
  `recipient_email` varchar(255) NOT NULL,
  `recipient_name` varchar(255) DEFAULT NULL,
  `recipient_user_id` bigint DEFAULT NULL,
  `retry_count` int DEFAULT NULL,
  `sender_user_id` bigint DEFAULT NULL,
  `sent_at` datetime(6) DEFAULT NULL,
  `status` enum('CANCELLED','FAILED','PENDING','RETRYING','SENT') NOT NULL,
  `subject` varchar(255) NOT NULL,
  `travel_plan_id` bigint DEFAULT NULL,
  PRIMARY KEY (`id`)
) ENGINE=InnoDB AUTO_INCREMENT=36 DEFAULT CHARSET=utf8mb4 COLLATE=utf8mb4_0900_ai_ci;
/*!40101 SET character_set_client = @saved_cs_client */;

--
-- Dumping data for table `notifications`
--

LOCK TABLES `notifications` WRITE;
/*!40000 ALTER TABLE `notifications` DISABLE KEYS */;
INSERT INTO `notifications` VALUES (1,'<!DOCTYPE html>\n<html>\n<head>\n    <meta charset=\"UTF-8\">\n    <style>\n        body { font-family: Arial, sans-serif; line-height: 1.6; color: #333; }\n        .container { max-width: 600px; margin: 0 auto; padding: 20px; }\n        .header { background: linear-gradient(135deg, #FF9800 0%, #F57C00 100%); color: white; padding: 30px; text-align: center; border-radius: 10px 10px 0 0; }\n        .content { background: #f9f9f9; padding: 30px; border-radius: 0 0 10px 10px; }\n        .plan-details { background: white; padding: 20px; border-radius: 8px; margin: 20px 0; box-shadow: 0 2px 4px rgba(0,0,0,0.1); }\n        .button { display: inline-block; background: #FF9800; color: white; padding: 12px 24px; text-decoration: none; border-radius: 5px; margin: 10px 0; }\n        .footer { text-align: center; margin-top: 30px; color: #666; font-size: 14px; }\n    </style>\n</head>\n<body>\n    <div class=\"container\">\n        <div class=\"header\">\n            <h1>? You\'re Invited!</h1>\n        </div>\n        <div class=\"content\">\n            <p>Hi Liang,</p>\n            <p><strong>Rosa Gonzalez</strong> has invited you to join their travel plan!</p>\n\n            <div class=\"plan-details\">\n                <h3>? Spanish Flamenco Experience</h3>\n                <p><strong>? Destination:</strong> Seville, Spain</p>\n                <p><strong>? Start Date:</strong> Nov 15, 2026</p>\n                <p><strong>? End Date:</strong> Nov 22, 2026</p>\n                <p><strong>? Current Members:</strong> 1</p>\n                <p><strong>? Description:</strong> Immerse yourself in passionate flamenco culture! Learn dancing, attend authentic shows, and meet flamenco artists.</p>\n            </div>\n\n            <p><a href=\"http://localhost:5173\">Log in</a> to your account to accept or decline this invitation.</p>\n\n            <div class=\"footer\">\n                <p>This is an automated message from Let\'s Go Travel Plan Assistant</p>\n            </div>\n        </div>\n    </div>\n</body>\n</html>\n','2025-09-24 21:58:25.398190',NULL,3,'INVITATION_NOTIFICATION','liangli5100@gmail.com','Liang Li',1,0,53,'2025-09-24 21:58:26.374903','SENT','You\'re Invited to Join: Spanish Flamenco Experience',52),(2,'<!DOCTYPE html>\n<html>\n<head>\n    <meta charset=\"UTF-8\">\n    <style>\n        body { font-family: Arial, sans-serif; line-height: 1.6; color: #333; }\n        .container { max-width: 600px; margin: 0 auto; padding: 20px; }\n        .header { background: linear-gradient(135deg, #FF9800 0%, #F57C00 100%); color: white; padding: 30px; text-align: center; border-radius: 10px 10px 0 0; }\n        .content { background: #f9f9f9; padding: 30px; border-radius: 0 0 10px 10px; }\n        .plan-details { background: white; padding: 20px; border-radius: 8px; margin: 20px 0; box-shadow: 0 2px 4px rgba(0,0,0,0.1); }\n        .button { display: inline-block; background: #FF9800; color: white; padding: 12px 24px; text-decoration: none; border-radius: 5px; margin: 10px 0; }\n        .footer { text-align: center; margin-top: 30px; color: #666; font-size: 14px; }\n    </style>\n</head>\n<body>\n    <div class=\"container\">\n        <div class=\"header\">\n            <h1>? You\'re Invited!</h1>\n        </div>\n        <div class=\"content\">\n            <p>Hi Liang,</p>\n            <p><strong>Tester AA</strong> has invited you to join their travel plan!</p>\n\n            <div class=\"plan-details\">\n                <h3>? 2026 FIFA World Cup</h3>\n                <p><strong>? Destination:</strong> Vancouver, Canada</p>\n                <p><strong>? Start Date:</strong> Oct 01, 2025</p>\n                <p><strong>? End Date:</strong> Nov 02, 2025</p>\n                <p><strong>? Current Members:</strong> 1</p>\n                <p><strong>? Description:</strong> 2026 World Cup</p>\n            </div>\n\n            <p><a href=\"http://localhost:5173\">Log in</a> to your account to accept or decline this invitation.</p>\n\n            <div class=\"footer\">\n                <p>This is an automated message from Let\'s Go Travel Plan Assistant</p>\n            </div>\n        </div>\n    </div>\n</body>\n</html>\n','2025-09-29 04:22:58.242378',NULL,3,'INVITATION_NOTIFICATION','liangli5100@gmail.com','Liang Li',1,0,110,'2025-09-29 04:22:59.623654','SENT','You\'re Invited to Join: 2026 FIFA World Cup',60),(3,'<!DOCTYPE html>\n<html>\n<head>\n    <meta charset=\"UTF-8\">\n    <style>\n        body { font-family: Arial, sans-serif; line-height: 1.6; color: #333; }\n        .container { max-width: 600px; margin: 0 auto; padding: 20px; }\n        .header { background: linear-gradient(135deg, #FF9800 0%, #F57C00 100%); color: white; padding: 30px; text-align: center; border-radius: 10px 10px 0 0; }\n        .content { background: #f9f9f9; padding: 30px; border-radius: 0 0 10px 10px; }\n        .plan-details { background: white; padding: 20px; border-radius: 8px; margin: 20px 0; box-shadow: 0 2px 4px rgba(0,0,0,0.1); }\n        .button { display: inline-block; background: #FF9800; color: white; padding: 12px 24px; text-decoration: none; border-radius: 5px; margin: 10px 0; }\n        .footer { text-align: center; margin-top: 30px; color: #666; font-size: 14px; }\n    </style>\n</head>\n<body>\n    <div class=\"container\">\n        <div class=\"header\">\n            <h1>? You\'re Invited!</h1>\n        </div>\n        <div class=\"content\">\n            <p>Hi Liang,</p>\n            <p><strong>Tester AA</strong> has invited you to join their travel plan!</p>\n\n            <div class=\"plan-details\">\n                <h3>? 2026 FIFA World Cup</h3>\n                <p><strong>? Destination:</strong> Vancouver, Canada</p>\n                <p><strong>? Start Date:</strong> Oct 01, 2025</p>\n                <p><strong>? End Date:</strong> Nov 02, 2025</p>\n                <p><strong>? Current Members:</strong> 1</p>\n                <p><strong>? Description:</strong> 2026 World Cup</p>\n            </div>\n\n            <p><a href=\"http://localhost:5173\">Log in</a> to your account to accept or decline this invitation.</p>\n\n            <div class=\"footer\">\n                <p>This is an automated message from Let\'s Go Travel Plan Assistant</p>\n            </div>\n        </div>\n    </div>\n</body>\n</html>\n','2025-09-29 04:34:28.526601',NULL,3,'INVITATION_NOTIFICATION','liangli5100@gmail.com','Liang Li',1,0,110,'2025-09-29 04:34:29.374759','SENT','You\'re Invited to Join: 2026 FIFA World Cup',60),(4,'<!DOCTYPE html>\n<html>\n<head>\n    <meta charset=\"UTF-8\">\n    <style>\n        body { font-family: Arial, sans-serif; line-height: 1.6; color: #333; }\n        .container { max-width: 600px; margin: 0 auto; padding: 20px; }\n        .header { background: linear-gradient(135deg, #FF9800 0%, #F57C00 100%); color: white; padding: 30px; text-align: center; border-radius: 10px 10px 0 0; }\n        .content { background: #f9f9f9; padding: 30px; border-radius: 0 0 10px 10px; }\n        .plan-details { background: white; padding: 20px; border-radius: 8px; margin: 20px 0; box-shadow: 0 2px 4px rgba(0,0,0,0.1); }\n        .button { display: inline-block; background: #FF9800; color: white; padding: 12px 24px; text-decoration: none; border-radius: 5px; margin: 10px 0; }\n        .footer { text-align: center; margin-top: 30px; color: #666; font-size: 14px; }\n    </style>\n</head>\n<body>\n    <div class=\"container\">\n        <div class=\"header\">\n            <h1>? You\'re Invited!</h1>\n        </div>\n        <div class=\"content\">\n            <p>Hi Liang,</p>\n            <p><strong>Tester AA</strong> has invited you to join their travel plan!</p>\n\n            <div class=\"plan-details\">\n                <h3>? 2026 FIFA World Cup</h3>\n                <p><strong>? Destination:</strong> Vancouver, Canada</p>\n                <p><strong>? Start Date:</strong> Oct 01, 2025</p>\n                <p><strong>? End Date:</strong> Nov 02, 2025</p>\n                <p><strong>? Current Members:</strong> 1</p>\n                <p><strong>? Description:</strong> 2026 World Cup</p>\n            </div>\n\n            <p><a href=\"http://localhost:5173\">Log in</a> to your account to accept or decline this invitation.</p>\n\n            <div class=\"footer\">\n                <p>This is an automated message from Let\'s Go Travel Plan Assistant</p>\n            </div>\n        </div>\n    </div>\n</body>\n</html>\n','2025-09-29 04:38:51.765303',NULL,3,'INVITATION_NOTIFICATION','liangli5100@gmail.com','Liang Li',1,0,110,'2025-09-29 04:38:52.606373','SENT','You\'re Invited to Join: 2026 FIFA World Cup',60),(5,'<!DOCTYPE html>\n<html>\n<head>\n    <meta charset=\"UTF-8\">\n    <style>\n        body { font-family: Arial, sans-serif; line-height: 1.6; color: #333; }\n        .container { max-width: 600px; margin: 0 auto; padding: 20px; }\n        .header { background: linear-gradient(135deg, #FF9800 0%, #F57C00 100%); color: white; padding: 30px; text-align: center; border-radius: 10px 10px 0 0; }\n        .content { background: #f9f9f9; padding: 30px; border-radius: 0 0 10px 10px; }\n        .plan-details { background: white; padding: 20px; border-radius: 8px; margin: 20px 0; box-shadow: 0 2px 4px rgba(0,0,0,0.1); }\n        .button { display: inline-block; background: #FF9800; color: white; padding: 12px 24px; text-decoration: none; border-radius: 5px; margin: 10px 0; }\n        .footer { text-align: center; margin-top: 30px; color: #666; font-size: 14px; }\n    </style>\n</head>\n<body>\n    <div class=\"container\">\n        <div class=\"header\">\n            <h1>? You\'re Invited!</h1>\n        </div>\n        <div class=\"content\">\n            <p>Hi Liang,</p>\n            <p><strong>Tester AA</strong> has invited you to join their travel plan!</p>\n\n            <div class=\"plan-details\">\n                <h3>? 2026 FIFA World Cup</h3>\n                <p><strong>? Destination:</strong> Vancouver, Canada</p>\n                <p><strong>? Start Date:</strong> Oct 01, 2025</p>\n                <p><strong>? End Date:</strong> Nov 02, 2025</p>\n                <p><strong>? Current Members:</strong> 1</p>\n                <p><strong>? Description:</strong> 2026 World Cup</p>\n            </div>\n\n            <p><a href=\"http://localhost:5173\">Log in</a> to your account to accept or decline this invitation.</p>\n\n            <div class=\"footer\">\n                <p>This is an automated message from Let\'s Go Travel Plan Assistant</p>\n            </div>\n        </div>\n    </div>\n</body>\n</html>\n','2025-09-29 04:40:31.994054',NULL,3,'INVITATION_NOTIFICATION','liangli5100@gmail.com','Liang Li',1,0,110,'2025-09-29 04:40:32.898083','SENT','You\'re Invited to Join: 2026 FIFA World Cup',60),(6,'<!DOCTYPE html>\n<html>\n<head>\n    <meta charset=\"UTF-8\">\n    <style>\n        body { font-family: Arial, sans-serif; line-height: 1.6; color: #333; }\n        .container { max-width: 600px; margin: 0 auto; padding: 20px; }\n        .header { background: linear-gradient(135deg, #FF9800 0%, #F57C00 100%); color: white; padding: 30px; text-align: center; border-radius: 10px 10px 0 0; }\n        .content { background: #f9f9f9; padding: 30px; border-radius: 0 0 10px 10px; }\n        .plan-details { background: white; padding: 20px; border-radius: 8px; margin: 20px 0; box-shadow: 0 2px 4px rgba(0,0,0,0.1); }\n        .button { display: inline-block; background: #FF9800; color: white; padding: 12px 24px; text-decoration: none; border-radius: 5px; margin: 10px 0; }\n        .footer { text-align: center; margin-top: 30px; color: #666; font-size: 14px; }\n    </style>\n</head>\n<body>\n    <div class=\"container\">\n        <div class=\"header\">\n            <h1>? You\'re Invited!</h1>\n        </div>\n        <div class=\"content\">\n            <p>Hi Liang,</p>\n            <p><strong>Tester AA</strong> has invited you to join their travel plan!</p>\n\n            <div class=\"plan-details\">\n                <h3>? 2026 FIFA World Cup</h3>\n                <p><strong>? Destination:</strong> Vancouver, Canada</p>\n                <p><strong>? Start Date:</strong> Oct 01, 2025</p>\n                <p><strong>? End Date:</strong> Nov 02, 2025</p>\n                <p><strong>? Current Members:</strong> 1</p>\n                <p><strong>? Description:</strong> 2026 World Cup</p>\n            </div>\n\n            <p><a href=\"http://localhost:5173\">Log in</a> to your account to accept or decline this invitation.</p>\n\n            <div class=\"footer\">\n                <p>This is an automated message from Let\'s Go Travel Plan Assistant</p>\n            </div>\n        </div>\n    </div>\n</body>\n</html>\n','2025-09-29 04:45:59.055573',NULL,3,'INVITATION_NOTIFICATION','liangli5100@gmail.com','Liang Li',1,0,110,'2025-09-29 04:45:59.905000','SENT','You\'re Invited to Join: 2026 FIFA World Cup',60),(7,'<!DOCTYPE html>\n<html>\n<head>\n    <meta charset=\"UTF-8\">\n    <style>\n        body { font-family: Arial, sans-serif; line-height: 1.6; color: #333; }\n        .container { max-width: 600px; margin: 0 auto; padding: 20px; }\n        .header { background: linear-gradient(135deg, #4CAF50 0%, #45a049 100%); color: white; padding: 30px; text-align: center; border-radius: 10px 10px 0 0; }\n        .content { background: #f9f9f9; padding: 30px; border-radius: 0 0 10px 10px; }\n        .plan-details { background: white; padding: 20px; border-radius: 8px; margin: 20px 0; box-shadow: 0 2px 4px rgba(0,0,0,0.1); }\n        .footer { text-align: center; margin-top: 30px; color: #666; font-size: 14px; }\n    </style>\n</head>\n<body>\n    <div class=\"container\">\n        <div class=\"header\">\n            <h1>? Travel Plan Completed!</h1>\n        </div>\n        <div class=\"content\">\n            <p>Hi Tester,</p>\n            <p>Congratulations! Your travel plan has been completed successfully.</p>\n\n            <div class=\"plan-details\">\n                <h3>? 2026 FIFA World Cup</h3>\n                <p><strong>? Destination:</strong> Vancouver, Canada</p>\n                <p><strong>? Completed:</strong> Sep 29, 2025 at 13:55</p>\n                <p><strong>? Members:</strong> 3</p>\n            </div>\n\n            <p>We hope you had an amazing time! Share your memories and plan your next adventure! ?</p>\n\n            <div class=\"footer\">\n                <p>This is an automated message from Travel Plan Assistant</p>\n            </div>\n        </div>\n    </div>\n</body>\n</html>\n','2025-09-29 20:55:13.130792',NULL,3,'TRAVEL_PLAN_COMPLETION','tester.aa@gmail.com','Tester AA',110,0,NULL,'2025-09-29 20:55:15.676324','SENT','Travel Plan Completed: 2026 FIFA World Cup',60),(8,'<!DOCTYPE html>\n<html>\n<head>\n    <meta charset=\"UTF-8\">\n    <style>\n        body { font-family: Arial, sans-serif; line-height: 1.6; color: #333; }\n        .container { max-width: 600px; margin: 0 auto; padding: 20px; }\n        .header { background: linear-gradient(135deg, #4CAF50 0%, #45a049 100%); color: white; padding: 30px; text-align: center; border-radius: 10px 10px 0 0; }\n        .content { background: #f9f9f9; padding: 30px; border-radius: 0 0 10px 10px; }\n        .plan-details { background: white; padding: 20px; border-radius: 8px; margin: 20px 0; box-shadow: 0 2px 4px rgba(0,0,0,0.1); }\n        .footer { text-align: center; margin-top: 30px; color: #666; font-size: 14px; }\n    </style>\n</head>\n<body>\n    <div class=\"container\">\n        <div class=\"header\">\n            <h1>? Travel Plan Completed!</h1>\n        </div>\n        <div class=\"content\">\n            <p>Hi Liang,</p>\n            <p>Congratulations! Your travel plan has been completed successfully.</p>\n\n            <div class=\"plan-details\">\n                <h3>? 2026 FIFA World Cup</h3>\n                <p><strong>? Destination:</strong> Vancouver, Canada</p>\n                <p><strong>? Completed:</strong> Sep 29, 2025 at 13:55</p>\n                <p><strong>? Members:</strong> 3</p>\n            </div>\n\n            <p>We hope you had an amazing time! Share your memories and plan your next adventure! ?</p>\n\n            <div class=\"footer\">\n                <p>This is an automated message from Travel Plan Assistant</p>\n            </div>\n        </div>\n    </div>\n</body>\n</html>\n','2025-09-29 20:55:16.886097',NULL,3,'TRAVEL_PLAN_COMPLETION','liangli5100@gmail.com','Liang Li',1,0,NULL,'2025-09-29 20:55:17.989098','SENT','Travel Plan Completed: 2026 FIFA World Cup',60),(9,'<!DOCTYPE html>\n<html>\n<head>\n    <meta charset=\"UTF-8\">\n    <style>\n        body { font-family: Arial, sans-serif; line-height: 1.6; color: #333; }\n        .container { max-width: 600px; margin: 0 auto; padding: 20px; }\n        .header { background: linear-gradient(135deg, #4CAF50 0%, #45a049 100%); color: white; padding: 30px; text-align: center; border-radius: 10px 10px 0 0; }\n        .content { background: #f9f9f9; padding: 30px; border-radius: 0 0 10px 10px; }\n        .plan-details { background: white; padding: 20px; border-radius: 8px; margin: 20px 0; box-shadow: 0 2px 4px rgba(0,0,0,0.1); }\n        .footer { text-align: center; margin-top: 30px; color: #666; font-size: 14px; }\n    </style>\n</head>\n<body>\n    <div class=\"container\">\n        <div class=\"header\">\n            <h1>? Travel Plan Completed!</h1>\n        </div>\n        <div class=\"content\">\n            <p>Hi Tester,</p>\n            <p>Congratulations! Your travel plan has been completed successfully.</p>\n\n            <div class=\"plan-details\">\n                <h3>? 2026 FIFA World Cup</h3>\n                <p><strong>? Destination:</strong> Vancouver, Canada</p>\n                <p><strong>? Completed:</strong> Sep 29, 2025 at 13:55</p>\n                <p><strong>? Members:</strong> 3</p>\n            </div>\n\n            <p>We hope you had an amazing time! Share your memories and plan your next adventure! ?</p>\n\n            <div class=\"footer\">\n                <p>This is an automated message from Travel Plan Assistant</p>\n            </div>\n        </div>\n    </div>\n</body>\n</html>\n','2025-09-29 20:55:22.992263',NULL,3,'TRAVEL_PLAN_COMPLETION','tester.bb@gmail.com','Tester BB',111,0,NULL,'2025-09-29 20:55:24.006199','SENT','Travel Plan Completed: 2026 FIFA World Cup',60),(10,'<!DOCTYPE html>\n<html>\n<head>\n    <meta charset=\"UTF-8\">\n    <style>\n        body { font-family: Arial, sans-serif; line-height: 1.6; color: #333; }\n        .container { max-width: 600px; margin: 0 auto; padding: 20px; }\n        .header { background: linear-gradient(135deg, #667eea 0%, #764ba2 100%); color: white; padding: 30px; text-align: center; border-radius: 10px 10px 0 0; }\n        .content { background: #f9f9f9; padding: 30px; border-radius: 0 0 10px 10px; }\n        .plan-details { background: white; padding: 20px; border-radius: 8px; margin: 20px 0; box-shadow: 0 2px 4px rgba(0,0,0,0.1); }\n        .button { display: inline-block; background: #667eea; color: white; padding: 12px 24px; text-decoration: none; border-radius: 5px; margin: 10px 0; }\n        .footer { text-align: center; margin-top: 30px; color: #666; font-size: 14px; }\n    </style>\n</head>\n<body>\n    <div class=\"container\">\n        <div class=\"header\">\n            <h1>? Your Travel Plan is Starting!</h1>\n        </div>\n        <div class=\"content\">\n            <p>Hi Tester,</p>\n            <p>Great news! Your travel plan is about to begin. Here are the details:</p>\n\n            <div class=\"plan-details\">\n                <h3>? 2026 FIFA World Cup</h3>\n                <p><strong>? Destination:</strong> Vancouver, Canada</p>\n                <p><strong>? Start Date:</strong> Sep 29, 2025 at 00:00</p>\n                <p><strong>? End Date:</strong> Sep 29, 2025 at 14:00</p>\n                <p><strong>? Members:</strong> 3</p>\n                <p><strong>? Description:</strong> 2026 World Cup</p>\n            </div>\n\n            <p>Have a wonderful trip! Safe travels! ?✈️</p>\n\n            <div class=\"footer\">\n                <p>This is an automated message from Travel Plan Assistant</p>\n            </div>\n        </div>\n    </div>\n</body>\n</html>\n','2025-09-29 20:59:00.126924',NULL,3,'TRAVEL_PLAN_START_REMINDER','tester.aa@gmail.com','Tester AA',110,0,NULL,'2025-09-29 20:59:01.276932','SENT','Travel Plan Starting Soon: 2026 FIFA World Cup',60),(11,'<!DOCTYPE html>\n<html>\n<head>\n    <meta charset=\"UTF-8\">\n    <style>\n        body { font-family: Arial, sans-serif; line-height: 1.6; color: #333; }\n        .container { max-width: 600px; margin: 0 auto; padding: 20px; }\n        .header { background: linear-gradient(135deg, #667eea 0%, #764ba2 100%); color: white; padding: 30px; text-align: center; border-radius: 10px 10px 0 0; }\n        .content { background: #f9f9f9; padding: 30px; border-radius: 0 0 10px 10px; }\n        .plan-details { background: white; padding: 20px; border-radius: 8px; margin: 20px 0; box-shadow: 0 2px 4px rgba(0,0,0,0.1); }\n        .button { display: inline-block; background: #667eea; color: white; padding: 12px 24px; text-decoration: none; border-radius: 5px; margin: 10px 0; }\n        .footer { text-align: center; margin-top: 30px; color: #666; font-size: 14px; }\n    </style>\n</head>\n<body>\n    <div class=\"container\">\n        <div class=\"header\">\n            <h1>? Your Travel Plan is Starting!</h1>\n        </div>\n        <div class=\"content\">\n            <p>Hi Liang,</p>\n            <p>Great news! Your travel plan is about to begin. Here are the details:</p>\n\n            <div class=\"plan-details\">\n                <h3>? 2026 FIFA World Cup</h3>\n                <p><strong>? Destination:</strong> Vancouver, Canada</p>\n                <p><strong>? Start Date:</strong> Sep 29, 2025 at 00:00</p>\n                <p><strong>? End Date:</strong> Sep 29, 2025 at 14:00</p>\n                <p><strong>? Members:</strong> 3</p>\n                <p><strong>? Description:</strong> 2026 World Cup</p>\n            </div>\n\n            <p>Have a wonderful trip! Safe travels! ?✈️</p>\n\n            <div class=\"footer\">\n                <p>This is an automated message from Travel Plan Assistant</p>\n            </div>\n        </div>\n    </div>\n</body>\n</html>\n','2025-09-29 20:59:01.301489',NULL,3,'TRAVEL_PLAN_START_REMINDER','liangli5100@gmail.com','Liang Li',1,0,NULL,'2025-09-29 20:59:02.176736','SENT','Travel Plan Starting Soon: 2026 FIFA World Cup',60),(12,'<!DOCTYPE html>\n<html>\n<head>\n    <meta charset=\"UTF-8\">\n    <style>\n        body { font-family: Arial, sans-serif; line-height: 1.6; color: #333; }\n        .container { max-width: 600px; margin: 0 auto; padding: 20px; }\n        .header { background: linear-gradient(135deg, #667eea 0%, #764ba2 100%); color: white; padding: 30px; text-align: center; border-radius: 10px 10px 0 0; }\n        .content { background: #f9f9f9; padding: 30px; border-radius: 0 0 10px 10px; }\n        .plan-details { background: white; padding: 20px; border-radius: 8px; margin: 20px 0; box-shadow: 0 2px 4px rgba(0,0,0,0.1); }\n        .button { display: inline-block; background: #667eea; color: white; padding: 12px 24px; text-decoration: none; border-radius: 5px; margin: 10px 0; }\n        .footer { text-align: center; margin-top: 30px; color: #666; font-size: 14px; }\n    </style>\n</head>\n<body>\n    <div class=\"container\">\n        <div class=\"header\">\n            <h1>? Your Travel Plan is Starting!</h1>\n        </div>\n        <div class=\"content\">\n            <p>Hi Tester,</p>\n            <p>Great news! Your travel plan is about to begin. Here are the details:</p>\n\n            <div class=\"plan-details\">\n                <h3>? 2026 FIFA World Cup</h3>\n                <p><strong>? Destination:</strong> Vancouver, Canada</p>\n                <p><strong>? Start Date:</strong> Sep 29, 2025 at 00:00</p>\n                <p><strong>? End Date:</strong> Sep 29, 2025 at 14:00</p>\n                <p><strong>? Members:</strong> 3</p>\n                <p><strong>? Description:</strong> 2026 World Cup</p>\n            </div>\n\n            <p>Have a wonderful trip! Safe travels! ?✈️</p>\n\n            <div class=\"footer\">\n                <p>This is an automated message from Travel Plan Assistant</p>\n            </div>\n        </div>\n    </div>\n</body>\n</html>\n','2025-09-29 20:59:02.197781',NULL,3,'TRAVEL_PLAN_START_REMINDER','tester.bb@gmail.com','Tester BB',111,0,NULL,'2025-09-29 20:59:03.066712','SENT','Travel Plan Starting Soon: 2026 FIFA World Cup',60),(13,'<!DOCTYPE html>\n<html>\n<head>\n    <meta charset=\"UTF-8\">\n    <style>\n        body { font-family: Arial, sans-serif; line-height: 1.6; color: #333; }\n        .container { max-width: 600px; margin: 0 auto; padding: 20px; }\n        .header { background: linear-gradient(135deg, #4CAF50 0%, #45a049 100%); color: white; padding: 30px; text-align: center; border-radius: 10px 10px 0 0; }\n        .content { background: #f9f9f9; padding: 30px; border-radius: 0 0 10px 10px; }\n        .plan-details { background: white; padding: 20px; border-radius: 8px; margin: 20px 0; box-shadow: 0 2px 4px rgba(0,0,0,0.1); }\n        .footer { text-align: center; margin-top: 30px; color: #666; font-size: 14px; }\n    </style>\n</head>\n<body>\n    <div class=\"container\">\n        <div class=\"header\">\n            <h1>? Travel Plan Completed!</h1>\n        </div>\n        <div class=\"content\">\n            <p>Hi Tester,</p>\n            <p>Congratulations! Your travel plan has been completed successfully.</p>\n\n            <div class=\"plan-details\">\n                <h3>? 2026 FIFA World Cup</h3>\n                <p><strong>? Destination:</strong> Vancouver, Canada</p>\n                <p><strong>? Completed:</strong> Sep 29, 2025 at 14:00</p>\n                <p><strong>? Members:</strong> 3</p>\n            </div>\n\n            <p>We hope you had an amazing time! Share your memories and plan your next adventure! ?</p>\n\n            <div class=\"footer\">\n                <p>This is an automated message from Travel Plan Assistant</p>\n            </div>\n        </div>\n    </div>\n</body>\n</html>\n','2025-09-29 21:00:00.055273',NULL,3,'TRAVEL_PLAN_COMPLETION','tester.aa@gmail.com','Tester AA',110,0,NULL,'2025-09-29 21:00:00.848397','SENT','Travel Plan Completed: 2026 FIFA World Cup',60),(14,'<!DOCTYPE html>\n<html>\n<head>\n    <meta charset=\"UTF-8\">\n    <style>\n        body { font-family: Arial, sans-serif; line-height: 1.6; color: #333; }\n        .container { max-width: 600px; margin: 0 auto; padding: 20px; }\n        .header { background: linear-gradient(135deg, #4CAF50 0%, #45a049 100%); color: white; padding: 30px; text-align: center; border-radius: 10px 10px 0 0; }\n        .content { background: #f9f9f9; padding: 30px; border-radius: 0 0 10px 10px; }\n        .plan-details { background: white; padding: 20px; border-radius: 8px; margin: 20px 0; box-shadow: 0 2px 4px rgba(0,0,0,0.1); }\n        .footer { text-align: center; margin-top: 30px; color: #666; font-size: 14px; }\n    </style>\n</head>\n<body>\n    <div class=\"container\">\n        <div class=\"header\">\n            <h1>? Travel Plan Completed!</h1>\n        </div>\n        <div class=\"content\">\n            <p>Hi Liang,</p>\n            <p>Congratulations! Your travel plan has been completed successfully.</p>\n\n            <div class=\"plan-details\">\n                <h3>? 2026 FIFA World Cup</h3>\n                <p><strong>? Destination:</strong> Vancouver, Canada</p>\n                <p><strong>? Completed:</strong> Sep 29, 2025 at 14:00</p>\n                <p><strong>? Members:</strong> 3</p>\n            </div>\n\n            <p>We hope you had an amazing time! Share your memories and plan your next adventure! ?</p>\n\n            <div class=\"footer\">\n                <p>This is an automated message from Travel Plan Assistant</p>\n            </div>\n        </div>\n    </div>\n</body>\n</html>\n','2025-09-29 21:00:00.860426',NULL,3,'TRAVEL_PLAN_COMPLETION','liangli5100@gmail.com','Liang Li',1,0,NULL,'2025-09-29 21:00:01.644300','SENT','Travel Plan Completed: 2026 FIFA World Cup',60),(15,'<!DOCTYPE html>\n<html>\n<head>\n    <meta charset=\"UTF-8\">\n    <style>\n        body { font-family: Arial, sans-serif; line-height: 1.6; color: #333; }\n        .container { max-width: 600px; margin: 0 auto; padding: 20px; }\n        .header { background: linear-gradient(135deg, #4CAF50 0%, #45a049 100%); color: white; padding: 30px; text-align: center; border-radius: 10px 10px 0 0; }\n        .content { background: #f9f9f9; padding: 30px; border-radius: 0 0 10px 10px; }\n        .plan-details { background: white; padding: 20px; border-radius: 8px; margin: 20px 0; box-shadow: 0 2px 4px rgba(0,0,0,0.1); }\n        .footer { text-align: center; margin-top: 30px; color: #666; font-size: 14px; }\n    </style>\n</head>\n<body>\n    <div class=\"container\">\n        <div class=\"header\">\n            <h1>? Travel Plan Completed!</h1>\n        </div>\n        <div class=\"content\">\n            <p>Hi Tester,</p>\n            <p>Congratulations! Your travel plan has been completed successfully.</p>\n\n            <div class=\"plan-details\">\n                <h3>? 2026 FIFA World Cup</h3>\n                <p><strong>? Destination:</strong> Vancouver, Canada</p>\n                <p><strong>? Completed:</strong> Sep 29, 2025 at 14:00</p>\n                <p><strong>? Members:</strong> 3</p>\n            </div>\n\n            <p>We hope you had an amazing time! Share your memories and plan your next adventure! ?</p>\n\n            <div class=\"footer\">\n                <p>This is an automated message from Travel Plan Assistant</p>\n            </div>\n        </div>\n    </div>\n</body>\n</html>\n','2025-09-29 21:00:01.653825',NULL,3,'TRAVEL_PLAN_COMPLETION','tester.bb@gmail.com','Tester BB',111,0,NULL,'2025-09-29 21:00:02.478524','SENT','Travel Plan Completed: 2026 FIFA World Cup',60),(16,'<!DOCTYPE html>\n<html>\n<head>\n    <meta charset=\"UTF-8\">\n    <style>\n        body { font-family: Arial, sans-serif; line-height: 1.6; color: #333; }\n        .container { max-width: 600px; margin: 0 auto; padding: 20px; }\n        .header { background: linear-gradient(135deg, #FF9800 0%, #F57C00 100%); color: white; padding: 30px; text-align: center; border-radius: 10px 10px 0 0; }\n        .content { background: #f9f9f9; padding: 30px; border-radius: 0 0 10px 10px; }\n        .plan-details { background: white; padding: 20px; border-radius: 8px; margin: 20px 0; box-shadow: 0 2px 4px rgba(0,0,0,0.1); }\n        .button { display: inline-block; background: #FF9800; color: white; padding: 12px 24px; text-decoration: none; border-radius: 5px; margin: 10px 0; }\n        .footer { text-align: center; margin-top: 30px; color: #666; font-size: 14px; }\n    </style>\n</head>\n<body>\n    <div class=\"container\">\n        <div class=\"header\">\n            <h1>? You\'re Invited!</h1>\n        </div>\n        <div class=\"content\">\n            <p>Hi Tester,</p>\n            <p><strong>Tester AA</strong> has invited you to join their travel plan!</p>\n\n            <div class=\"plan-details\">\n                <h3>? Family reunion</h3>\n                <p><strong>? Destination:</strong> Tianjin, China</p>\n                <p><strong>? Start Date:</strong> Oct 01, 2025</p>\n                <p><strong>? End Date:</strong> Oct 08, 2025</p>\n                <p><strong>? Current Members:</strong> 1</p>\n                <p><strong>? Description:</strong> Family time</p>\n            </div>\n\n            <p><a href=\"http://localhost:5173\">Log in</a> to your account to accept or decline this invitation.</p>\n\n            <div class=\"footer\">\n                <p>This is an automated message from Let\'s Go Travel Plan Assistant</p>\n            </div>\n        </div>\n    </div>\n</body>\n</html>\n','2025-09-29 23:49:11.642155',NULL,3,'INVITATION_NOTIFICATION','tester.bb@gmail.com','Tester BB',111,0,110,'2025-09-29 23:49:12.694078','SENT','You\'re Invited to Join: Family reunion',61),(17,'<!DOCTYPE html>\n<html>\n<head>\n    <meta charset=\"UTF-8\">\n    <style>\n        body { font-family: Arial, sans-serif; line-height: 1.6; color: #333; }\n        .container { max-width: 600px; margin: 0 auto; padding: 20px; }\n        .header { background: linear-gradient(135deg, #FF9800 0%, #F57C00 100%); color: white; padding: 30px; text-align: center; border-radius: 10px 10px 0 0; }\n        .content { background: #f9f9f9; padding: 30px; border-radius: 0 0 10px 10px; }\n        .plan-details { background: white; padding: 20px; border-radius: 8px; margin: 20px 0; box-shadow: 0 2px 4px rgba(0,0,0,0.1); }\n        .button { display: inline-block; background: #FF9800; color: white; padding: 12px 24px; text-decoration: none; border-radius: 5px; margin: 10px 0; }\n        .footer { text-align: center; margin-top: 30px; color: #666; font-size: 14px; }\n    </style>\n</head>\n<body>\n    <div class=\"container\">\n        <div class=\"header\">\n            <h1>? You\'re Invited!</h1>\n        </div>\n        <div class=\"content\">\n            <p>Hi Tester,</p>\n            <p><strong>Tester AA</strong> has invited you to join their travel plan!</p>\n\n            <div class=\"plan-details\">\n                <h3>? Family Reunion</h3>\n                <p><strong>? Destination:</strong> Tianjin, China</p>\n                <p><strong>? Start Date:</strong> Oct 01, 2025</p>\n                <p><strong>? End Date:</strong> Oct 08, 2025</p>\n                <p><strong>? Current Members:</strong> 1</p>\n                <p><strong>? Description:</strong> Family time</p>\n            </div>\n\n            <p><a href=\"http://localhost:5173\">Log in</a> to your account to accept or decline this invitation.</p>\n\n            <div class=\"footer\">\n                <p>This is an automated message from Let\'s Go Travel Plan Assistant</p>\n            </div>\n        </div>\n    </div>\n</body>\n</html>\n','2025-09-30 00:48:28.549808',NULL,3,'INVITATION_NOTIFICATION','tester.bb@gmail.com','Tester BB',111,0,110,'2025-09-30 00:48:29.542284','SENT','You\'re Invited to Join: Family Reunion',62),(18,'<!DOCTYPE html>\n<html>\n<head>\n    <meta charset=\"UTF-8\">\n    <style>\n        body { font-family: Arial, sans-serif; line-height: 1.6; color: #333; }\n        .container { max-width: 600px; margin: 0 auto; padding: 20px; }\n        .header { background: linear-gradient(135deg, #FF9800 0%, #F57C00 100%); color: white; padding: 30px; text-align: center; border-radius: 10px 10px 0 0; }\n        .content { background: #f9f9f9; padding: 30px; border-radius: 0 0 10px 10px; }\n        .plan-details { background: white; padding: 20px; border-radius: 8px; margin: 20px 0; box-shadow: 0 2px 4px rgba(0,0,0,0.1); }\n        .button { display: inline-block; background: #FF9800; color: white; padding: 12px 24px; text-decoration: none; border-radius: 5px; margin: 10px 0; }\n        .footer { text-align: center; margin-top: 30px; color: #666; font-size: 14px; }\n    </style>\n</head>\n<body>\n    <div class=\"container\">\n        <div class=\"header\">\n            <h1>? You\'re Invited!</h1>\n        </div>\n        <div class=\"content\">\n            <p>Hi Tester,</p>\n            <p><strong>Tester AA</strong> has invited you to join their travel plan!</p>\n\n            <div class=\"plan-details\">\n                <h3>? Family Reunion</h3>\n                <p><strong>? Destination:</strong> Tianjin, China</p>\n                <p><strong>? Start Date:</strong> Oct 01, 2025</p>\n                <p><strong>? End Date:</strong> Oct 08, 2025</p>\n                <p><strong>? Current Members:</strong> 1</p>\n                <p><strong>? Description:</strong> Family time</p>\n            </div>\n\n            <p><a href=\"http://localhost:5173\">Log in</a> to your account to accept or decline this invitation.</p>\n\n            <div class=\"footer\">\n                <p>This is an automated message from Let\'s Go Travel Plan Assistant</p>\n            </div>\n        </div>\n    </div>\n</body>\n</html>\n','2025-09-30 00:49:58.832678',NULL,3,'INVITATION_NOTIFICATION','tester.bb@gmail.com','Tester BB',111,0,110,'2025-09-30 00:49:59.614020','SENT','You\'re Invited to Join: Family Reunion',62),(19,'<!DOCTYPE html>\n<html>\n<head>\n    <meta charset=\"UTF-8\">\n    <style>\n        body { font-family: Arial, sans-serif; line-height: 1.6; color: #333; }\n        .container { max-width: 600px; margin: 0 auto; padding: 20px; }\n        .header { background: linear-gradient(135deg, #FF9800 0%, #F57C00 100%); color: white; padding: 30px; text-align: center; border-radius: 10px 10px 0 0; }\n        .content { background: #f9f9f9; padding: 30px; border-radius: 0 0 10px 10px; }\n        .plan-details { background: white; padding: 20px; border-radius: 8px; margin: 20px 0; box-shadow: 0 2px 4px rgba(0,0,0,0.1); }\n        .button { display: inline-block; background: #FF9800; color: white; padding: 12px 24px; text-decoration: none; border-radius: 5px; margin: 10px 0; }\n        .footer { text-align: center; margin-top: 30px; color: #666; font-size: 14px; }\n    </style>\n</head>\n<body>\n    <div class=\"container\">\n        <div class=\"header\">\n            <h1>? You\'re Invited!</h1>\n        </div>\n        <div class=\"content\">\n            <p>Hi Liang,</p>\n            <p><strong>Tester AA</strong> has invited you to join their travel plan!</p>\n\n            <div class=\"plan-details\">\n                <h3>? Family Reunion</h3>\n                <p><strong>? Destination:</strong> Tianjin, China</p>\n                <p><strong>? Start Date:</strong> Oct 01, 2025</p>\n                <p><strong>? End Date:</strong> Oct 08, 2025</p>\n                <p><strong>? Current Members:</strong> 1</p>\n                <p><strong>? Description:</strong> Family time</p>\n            </div>\n\n            <p><a href=\"http://localhost:5173\">Log in</a> to your account to accept or decline this invitation.</p>\n\n            <div class=\"footer\">\n                <p>This is an automated message from Let\'s Go Travel Plan Assistant</p>\n            </div>\n        </div>\n    </div>\n</body>\n</html>\n','2025-09-30 00:53:44.583202',NULL,3,'INVITATION_NOTIFICATION','liangli5100@gmail.com','Liang Li',1,0,110,'2025-09-30 00:53:45.366387','SENT','You\'re Invited to Join: Family Reunion',62),(20,'<!DOCTYPE html>\n<html>\n<head>\n    <meta charset=\"UTF-8\">\n    <style>\n        body { font-family: Arial, sans-serif; line-height: 1.6; color: #333; }\n        .container { max-width: 600px; margin: 0 auto; padding: 20px; }\n        .header { background: linear-gradient(135deg, #667eea 0%, #764ba2 100%); color: white; padding: 30px; text-align: center; border-radius: 10px 10px 0 0; }\n        .content { background: #f9f9f9; padding: 30px; border-radius: 0 0 10px 10px; }\n        .plan-details { background: white; padding: 20px; border-radius: 8px; margin: 20px 0; box-shadow: 0 2px 4px rgba(0,0,0,0.1); }\n        .button { display: inline-block; background: #667eea; color: white; padding: 12px 24px; text-decoration: none; border-radius: 5px; margin: 10px 0; }\n        .footer { text-align: center; margin-top: 30px; color: #666; font-size: 14px; }\n    </style>\n</head>\n<body>\n    <div class=\"container\">\n        <div class=\"header\">\n            <h1>? Your Travel Plan is Starting!</h1>\n        </div>\n        <div class=\"content\">\n            <p>Hi Tester,</p>\n            <p>Great news! Your travel plan is about to begin. Here are the details:</p>\n\n            <div class=\"plan-details\">\n                <h3>? Family Reunion</h3>\n                <p><strong>? Destination:</strong> Tianjin, China</p>\n                <p><strong>? Start Date:</strong> Sep 29, 2025 at 00:00</p>\n                <p><strong>? End Date:</strong> Sep 29, 2025 at 00:00</p>\n                <p><strong>? Members:</strong> 1</p>\n                <p><strong>? Description:</strong> Family time</p>\n            </div>\n\n            <p>Have a wonderful trip! Safe travels! ?✈️</p>\n\n            <div class=\"footer\">\n                <p>This is an automated message from Travel Plan Assistant</p>\n            </div>\n        </div>\n    </div>\n</body>\n</html>\n','2025-09-30 01:07:00.065144',NULL,3,'TRAVEL_PLAN_START_REMINDER','tester.aa@gmail.com','Tester AA',110,0,NULL,'2025-09-30 01:07:01.117455','SENT','Travel Plan Starting Soon: Family Reunion',62),(21,'<!DOCTYPE html>\n<html>\n<head>\n    <meta charset=\"UTF-8\">\n    <style>\n        body { font-family: Arial, sans-serif; line-height: 1.6; color: #333; }\n        .container { max-width: 600px; margin: 0 auto; padding: 20px; }\n        .header { background: linear-gradient(135deg, #FF9800 0%, #F57C00 100%); color: white; padding: 30px; text-align: center; border-radius: 10px 10px 0 0; }\n        .content { background: #f9f9f9; padding: 30px; border-radius: 0 0 10px 10px; }\n        .plan-details { background: white; padding: 20px; border-radius: 8px; margin: 20px 0; box-shadow: 0 2px 4px rgba(0,0,0,0.1); }\n        .button { display: inline-block; background: #FF9800; color: white; padding: 12px 24px; text-decoration: none; border-radius: 5px; margin: 10px 0; }\n        .footer { text-align: center; margin-top: 30px; color: #666; font-size: 14px; }\n    </style>\n</head>\n<body>\n    <div class=\"container\">\n        <div class=\"header\">\n            <h1>? You\'re Invited!</h1>\n        </div>\n        <div class=\"content\">\n            <p>Hi Wolfgang,</p>\n            <p><strong>Tester AA</strong> has invited you to join their travel plan!</p>\n\n            <div class=\"plan-details\">\n                <h3>? Family Reunion</h3>\n                <p><strong>? Destination:</strong> Tianjin, China</p>\n                <p><strong>? Start Date:</strong> Sep 29, 2025</p>\n                <p><strong>? End Date:</strong> Sep 29, 2025</p>\n                <p><strong>? Current Members:</strong> 1</p>\n                <p><strong>? Description:</strong> Family time</p>\n            </div>\n\n            <p><a href=\"http://localhost:5173\">Log in</a> to your account to accept or decline this invitation.</p>\n\n            <div class=\"footer\">\n                <p>This is an automated message from Let\'s Go Travel Plan Assistant</p>\n            </div>\n        </div>\n    </div>\n</body>\n</html>\n','2025-09-30 05:29:08.319861',NULL,3,'INVITATION_NOTIFICATION','test108@gmail.com','Wolfgang Schmidt',108,0,110,'2025-09-30 05:29:09.714456','SENT','You\'re Invited to Join: Family Reunion',62),(22,'<!DOCTYPE html>\n<html>\n<head>\n    <meta charset=\"UTF-8\">\n    <style>\n        body { font-family: Arial, sans-serif; line-height: 1.6; color: #333; }\n        .container { max-width: 600px; margin: 0 auto; padding: 20px; }\n        .header { background: linear-gradient(135deg, #667eea 0%, #764ba2 100%); color: white; padding: 30px; text-align: center; border-radius: 10px 10px 0 0; }\n        .content { background: #f9f9f9; padding: 30px; border-radius: 0 0 10px 10px; }\n        .plan-details { background: white; padding: 20px; border-radius: 8px; margin: 20px 0; box-shadow: 0 2px 4px rgba(0,0,0,0.1); }\n        .button { display: inline-block; background: #667eea; color: white; padding: 12px 24px; text-decoration: none; border-radius: 5px; margin: 10px 0; }\n        .footer { text-align: center; margin-top: 30px; color: #666; font-size: 14px; }\n    </style>\n</head>\n<body>\n    <div class=\"container\">\n        <div class=\"header\">\n            <h1>? Your Travel Plan is Starting!</h1>\n        </div>\n        <div class=\"content\">\n            <p>Hi Alice,</p>\n            <p>Great news! Your travel plan is about to begin. Here are the details:</p>\n\n            <div class=\"plan-details\">\n                <h3>? Taylor Swift concert</h3>\n                <p><strong>? Destination:</strong> Vancouver, Canada</p>\n                <p><strong>? Start Date:</strong> Oct 01, 2025 at 00:00</p>\n                <p><strong>? End Date:</strong> Oct 02, 2025 at 00:00</p>\n                <p><strong>? Members:</strong> 1</p>\n                <p><strong>? Description:</strong> Taylor Swift Concert</p>\n            </div>\n\n            <p>Have a wonderful trip! Safe travels! ?✈️</p>\n\n            <div class=\"footer\">\n                <p>This is an automated message from Travel Plan Assistant</p>\n            </div>\n        </div>\n    </div>\n</body>\n</html>\n','2025-10-01 20:16:00.079489',NULL,3,'TRAVEL_PLAN_START_REMINDER','test10@gmail.com','Alice Johnson',10,0,NULL,'2025-10-01 20:16:01.733182','SENT','Travel Plan Starting Soon: Taylor Swift concert',59),(23,'<!DOCTYPE html>\n<html>\n<head>\n    <meta charset=\"UTF-8\">\n    <style>\n        body { font-family: Arial, sans-serif; line-height: 1.6; color: #333; }\n        .container { max-width: 600px; margin: 0 auto; padding: 20px; }\n        .header { background: linear-gradient(135deg, #667eea 0%, #764ba2 100%); color: white; padding: 30px; text-align: center; border-radius: 10px 10px 0 0; }\n        .content { background: #f9f9f9; padding: 30px; border-radius: 0 0 10px 10px; }\n        .plan-details { background: white; padding: 20px; border-radius: 8px; margin: 20px 0; box-shadow: 0 2px 4px rgba(0,0,0,0.1); }\n        .button { display: inline-block; background: #667eea; color: white; padding: 12px 24px; text-decoration: none; border-radius: 5px; margin: 10px 0; }\n        .footer { text-align: center; margin-top: 30px; color: #666; font-size: 14px; }\n    </style>\n</head>\n<body>\n    <div class=\"container\">\n        <div class=\"header\">\n            <h1>? Your Travel Plan is Starting!</h1>\n        </div>\n        <div class=\"content\">\n            <p>Hi Tester,</p>\n            <p>Great news! Your travel plan is about to begin. Here are the details:</p>\n\n            <div class=\"plan-details\">\n                <h3>? Family Reunion</h3>\n                <p><strong>? Destination:</strong> Tianjin, China</p>\n                <p><strong>? Start Date:</strong> Oct 01, 2025 at 00:00</p>\n                <p><strong>? End Date:</strong> Oct 01, 2025 at 00:00</p>\n                <p><strong>? Members:</strong> 2</p>\n                <p><strong>? Description:</strong> Family time</p>\n            </div>\n\n            <p>Have a wonderful trip! Safe travels! ?✈️</p>\n\n            <div class=\"footer\">\n                <p>This is an automated message from Travel Plan Assistant</p>\n            </div>\n        </div>\n    </div>\n</body>\n</html>\n','2025-10-01 20:18:00.060681',NULL,3,'TRAVEL_PLAN_START_REMINDER','tester.aa@gmail.com','Tester AA',110,0,NULL,'2025-10-01 20:18:01.039102','SENT','Travel Plan Starting Soon: Family Reunion',62),(24,'<!DOCTYPE html>\n<html>\n<head>\n    <meta charset=\"UTF-8\">\n    <style>\n        body { font-family: Arial, sans-serif; line-height: 1.6; color: #333; }\n        .container { max-width: 600px; margin: 0 auto; padding: 20px; }\n        .header { background: linear-gradient(135deg, #667eea 0%, #764ba2 100%); color: white; padding: 30px; text-align: center; border-radius: 10px 10px 0 0; }\n        .content { background: #f9f9f9; padding: 30px; border-radius: 0 0 10px 10px; }\n        .plan-details { background: white; padding: 20px; border-radius: 8px; margin: 20px 0; box-shadow: 0 2px 4px rgba(0,0,0,0.1); }\n        .button { display: inline-block; background: #667eea; color: white; padding: 12px 24px; text-decoration: none; border-radius: 5px; margin: 10px 0; }\n        .footer { text-align: center; margin-top: 30px; color: #666; font-size: 14px; }\n    </style>\n</head>\n<body>\n    <div class=\"container\">\n        <div class=\"header\">\n            <h1>? Your Travel Plan is Starting!</h1>\n        </div>\n        <div class=\"content\">\n            <p>Hi Tester,</p>\n            <p>Great news! Your travel plan is about to begin. Here are the details:</p>\n\n            <div class=\"plan-details\">\n                <h3>? Family Reunion</h3>\n                <p><strong>? Destination:</strong> Tianjin, China</p>\n                <p><strong>? Start Date:</strong> Oct 01, 2025 at 00:00</p>\n                <p><strong>? End Date:</strong> Oct 01, 2025 at 00:00</p>\n                <p><strong>? Members:</strong> 2</p>\n                <p><strong>? Description:</strong> Family time</p>\n            </div>\n\n            <p>Have a wonderful trip! Safe travels! ?✈️</p>\n\n            <div class=\"footer\">\n                <p>This is an automated message from Travel Plan Assistant</p>\n            </div>\n        </div>\n    </div>\n</body>\n</html>\n','2025-10-01 20:18:01.047630',NULL,3,'TRAVEL_PLAN_START_REMINDER','tester.bb@gmail.com','Tester BB',111,0,NULL,'2025-10-01 20:18:02.009044','SENT','Travel Plan Starting Soon: Family Reunion',62),(25,'<!DOCTYPE html>\n<html>\n<head>\n    <meta charset=\"UTF-8\">\n    <style>\n        body { font-family: Arial, sans-serif; line-height: 1.6; color: #333; }\n        .container { max-width: 600px; margin: 0 auto; padding: 20px; }\n        .header { background: linear-gradient(135deg, #4CAF50 0%, #45a049 100%); color: white; padding: 30px; text-align: center; border-radius: 10px 10px 0 0; }\n        .content { background: #f9f9f9; padding: 30px; border-radius: 0 0 10px 10px; }\n        .plan-details { background: white; padding: 20px; border-radius: 8px; margin: 20px 0; box-shadow: 0 2px 4px rgba(0,0,0,0.1); }\n        .footer { text-align: center; margin-top: 30px; color: #666; font-size: 14px; }\n    </style>\n</head>\n<body>\n    <div class=\"container\">\n        <div class=\"header\">\n            <h1>? Travel Plan Completed!</h1>\n        </div>\n        <div class=\"content\">\n            <p>Hi Tester,</p>\n            <p>Congratulations! Your travel plan has been completed successfully.</p>\n\n            <div class=\"plan-details\">\n                <h3>? Family Reunion</h3>\n                <p><strong>? Destination:</strong> Tianjin, China</p>\n                <p><strong>? Completed:</strong> Oct 01, 2025 at 14:00</p>\n                <p><strong>? Members:</strong> 2</p>\n            </div>\n\n            <p>We hope you had an amazing time! Share your memories and plan your next adventure! ?</p>\n\n            <div class=\"footer\">\n                <p>This is an automated message from Travel Plan Assistant</p>\n            </div>\n        </div>\n    </div>\n</body>\n</html>\n','2025-10-01 21:00:00.051056',NULL,3,'TRAVEL_PLAN_COMPLETION','tester.aa@gmail.com','Tester AA',110,0,NULL,'2025-10-01 21:00:00.965352','SENT','Travel Plan Completed: Family Reunion',62),(26,'<!DOCTYPE html>\n<html>\n<head>\n    <meta charset=\"UTF-8\">\n    <style>\n        body { font-family: Arial, sans-serif; line-height: 1.6; color: #333; }\n        .container { max-width: 600px; margin: 0 auto; padding: 20px; }\n        .header { background: linear-gradient(135deg, #4CAF50 0%, #45a049 100%); color: white; padding: 30px; text-align: center; border-radius: 10px 10px 0 0; }\n        .content { background: #f9f9f9; padding: 30px; border-radius: 0 0 10px 10px; }\n        .plan-details { background: white; padding: 20px; border-radius: 8px; margin: 20px 0; box-shadow: 0 2px 4px rgba(0,0,0,0.1); }\n        .footer { text-align: center; margin-top: 30px; color: #666; font-size: 14px; }\n    </style>\n</head>\n<body>\n    <div class=\"container\">\n        <div class=\"header\">\n            <h1>? Travel Plan Completed!</h1>\n        </div>\n        <div class=\"content\">\n            <p>Hi Tester,</p>\n            <p>Congratulations! Your travel plan has been completed successfully.</p>\n\n            <div class=\"plan-details\">\n                <h3>? Family Reunion</h3>\n                <p><strong>? Destination:</strong> Tianjin, China</p>\n                <p><strong>? Completed:</strong> Oct 01, 2025 at 14:00</p>\n                <p><strong>? Members:</strong> 2</p>\n            </div>\n\n            <p>We hope you had an amazing time! Share your memories and plan your next adventure! ?</p>\n\n            <div class=\"footer\">\n                <p>This is an automated message from Travel Plan Assistant</p>\n            </div>\n        </div>\n    </div>\n</body>\n</html>\n','2025-10-01 21:00:00.984869',NULL,3,'TRAVEL_PLAN_COMPLETION','tester.bb@gmail.com','Tester BB',111,0,NULL,'2025-10-01 21:00:01.942176','SENT','Travel Plan Completed: Family Reunion',62),(27,'<!DOCTYPE html>\n<html>\n<head>\n    <meta charset=\"UTF-8\">\n    <style>\n        body { font-family: Arial, sans-serif; line-height: 1.6; color: #333; }\n        .container { max-width: 600px; margin: 0 auto; padding: 20px; }\n        .header { background: linear-gradient(135deg, #4CAF50 0%, #45a049 100%); color: white; padding: 30px; text-align: center; border-radius: 10px 10px 0 0; }\n        .content { background: #f9f9f9; padding: 30px; border-radius: 0 0 10px 10px; }\n        .plan-details { background: white; padding: 20px; border-radius: 8px; margin: 20px 0; box-shadow: 0 2px 4px rgba(0,0,0,0.1); }\n        .footer { text-align: center; margin-top: 30px; color: #666; font-size: 14px; }\n    </style>\n</head>\n<body>\n    <div class=\"container\">\n        <div class=\"header\">\n            <h1>? Travel Plan Completed!</h1>\n        </div>\n        <div class=\"content\">\n            <p>Hi Alice,</p>\n            <p>Congratulations! Your travel plan has been completed successfully.</p>\n\n            <div class=\"plan-details\">\n                <h3>? Taylor Swift concert</h3>\n                <p><strong>? Destination:</strong> Vancouver, Canada</p>\n                <p><strong>? Completed:</strong> Oct 02, 2025 at 14:00</p>\n                <p><strong>? Members:</strong> 1</p>\n            </div>\n\n            <p>We hope you had an amazing time! Share your memories and plan your next adventure! ?</p>\n\n            <div class=\"footer\">\n                <p>This is an automated message from Travel Plan Assistant</p>\n            </div>\n        </div>\n    </div>\n</body>\n</html>\n','2025-10-02 21:00:00.066938',NULL,3,'TRAVEL_PLAN_COMPLETION','test10@gmail.com','Alice Johnson',10,0,NULL,'2025-10-02 21:00:01.405882','SENT','Travel Plan Completed: Taylor Swift concert',59),(28,'<!DOCTYPE html>\n<html>\n<head>\n    <meta charset=\"UTF-8\">\n    <style>\n        body { font-family: Arial, sans-serif; line-height: 1.6; color: #333; }\n        .container { max-width: 600px; margin: 0 auto; padding: 20px; }\n        .header { background: linear-gradient(135deg, #FF9800 0%, #F57C00 100%); color: white; padding: 30px; text-align: center; border-radius: 10px 10px 0 0; }\n        .content { background: #f9f9f9; padding: 30px; border-radius: 0 0 10px 10px; }\n        .plan-details { background: white; padding: 20px; border-radius: 8px; margin: 20px 0; box-shadow: 0 2px 4px rgba(0,0,0,0.1); }\n        .button { display: inline-block; background: #FF9800; color: white; padding: 12px 24px; text-decoration: none; border-radius: 5px; margin: 10px 0; }\n        .footer { text-align: center; margin-top: 30px; color: #666; font-size: 14px; }\n    </style>\n</head>\n<body>\n    <div class=\"container\">\n        <div class=\"header\">\n            <h1>? You\'re Invited!</h1>\n        </div>\n        <div class=\"content\">\n            <p>Hi Teodor,</p>\n            <p><strong>Liang Li</strong> has invited you to join their travel plan!</p>\n\n            <div class=\"plan-details\">\n                <h3>? European Art Museums Tour</h3>\n                <p><strong>? Destination:</strong> Paris, France</p>\n                <p><strong>? Start Date:</strong> Nov 20, 2025</p>\n                <p><strong>? End Date:</strong> Nov 28, 2025</p>\n                <p><strong>? Current Members:</strong> 1</p>\n                <p><strong>? Description:</strong> Join us for an amazing journey through Europe\'s finest art museums. We\'ll visit the Louvre, Musée d\'Orsay, and many more!</p>\n            </div>\n\n            <p><a href=\"http://localhost:5173\">Log in</a> to your account to accept or decline this invitation.</p>\n\n            <div class=\"footer\">\n                <p>This is an automated message from Let\'s Go Travel Plan Assistant</p>\n            </div>\n        </div>\n    </div>\n</body>\n</html>\n','2025-10-11 17:05:48.704356',NULL,3,'INVITATION_NOTIFICATION','test80@gmail.com','Teodor Stoev',80,0,1,'2025-10-11 17:05:50.056375','SENT','You\'re Invited to Join: European Art Museums Tour',63),(29,'<!DOCTYPE html>\n<html>\n<head>\n    <meta charset=\"UTF-8\">\n    <style>\n        body { font-family: Arial, sans-serif; line-height: 1.6; color: #333; }\n        .container { max-width: 600px; margin: 0 auto; padding: 20px; }\n        .header { background: linear-gradient(135deg, #FF9800 0%, #F57C00 100%); color: white; padding: 30px; text-align: center; border-radius: 10px 10px 0 0; }\n        .content { background: #f9f9f9; padding: 30px; border-radius: 0 0 10px 10px; }\n        .plan-details { background: white; padding: 20px; border-radius: 8px; margin: 20px 0; box-shadow: 0 2px 4px rgba(0,0,0,0.1); }\n        .button { display: inline-block; background: #FF9800; color: white; padding: 12px 24px; text-decoration: none; border-radius: 5px; margin: 10px 0; }\n        .footer { text-align: center; margin-top: 30px; color: #666; font-size: 14px; }\n    </style>\n</head>\n<body>\n    <div class=\"container\">\n        <div class=\"header\">\n            <h1>? You\'re Invited!</h1>\n        </div>\n        <div class=\"content\">\n            <p>Hi Ursula,</p>\n            <p><strong>Liang Li</strong> has invited you to join their travel plan!</p>\n\n            <div class=\"plan-details\">\n                <h3>? European Art Museums Tour</h3>\n                <p><strong>? Destination:</strong> Paris, France</p>\n                <p><strong>? Start Date:</strong> Nov 20, 2025</p>\n                <p><strong>? End Date:</strong> Nov 28, 2025</p>\n                <p><strong>? Current Members:</strong> 1</p>\n                <p><strong>? Description:</strong> Join us for an amazing journey through Europe\'s finest art museums. We\'ll visit the Louvre, Musée d\'Orsay, and many more!</p>\n            </div>\n\n            <p><a href=\"http://localhost:5173\">Log in</a> to your account to accept or decline this invitation.</p>\n\n            <div class=\"footer\">\n                <p>This is an automated message from Let\'s Go Travel Plan Assistant</p>\n            </div>\n        </div>\n    </div>\n</body>\n</html>\n','2025-10-11 17:06:51.461910',NULL,3,'INVITATION_NOTIFICATION','test81@gmail.com','Ursula Van Houten',81,0,1,'2025-10-11 17:06:52.276135','SENT','You\'re Invited to Join: European Art Museums Tour',63),(30,'<!DOCTYPE html>\n<html>\n<head>\n    <meta charset=\"UTF-8\">\n    <style>\n        body { font-family: Arial, sans-serif; line-height: 1.6; color: #333; }\n        .container { max-width: 600px; margin: 0 auto; padding: 20px; }\n        .header { background: linear-gradient(135deg, #FF9800 0%, #F57C00 100%); color: white; padding: 30px; text-align: center; border-radius: 10px 10px 0 0; }\n        .content { background: #f9f9f9; padding: 30px; border-radius: 0 0 10px 10px; }\n        .plan-details { background: white; padding: 20px; border-radius: 8px; margin: 20px 0; box-shadow: 0 2px 4px rgba(0,0,0,0.1); }\n        .button { display: inline-block; background: #FF9800; color: white; padding: 12px 24px; text-decoration: none; border-radius: 5px; margin: 10px 0; }\n        .footer { text-align: center; margin-top: 30px; color: #666; font-size: 14px; }\n    </style>\n</head>\n<body>\n    <div class=\"container\">\n        <div class=\"header\">\n            <h1>? You\'re Invited!</h1>\n        </div>\n        <div class=\"content\">\n            <p>Hi Liang,</p>\n            <p><strong>Ursula Van Houten</strong> has invited you to join their travel plan!</p>\n\n            <div class=\"plan-details\">\n                <h3>? Taylor Swift Concert</h3>\n                <p><strong>? Destination:</strong> Vancouver, Canada</p>\n                <p><strong>? Start Date:</strong> Oct 22, 2025</p>\n                <p><strong>? End Date:</strong> Oct 23, 2025</p>\n                <p><strong>? Current Members:</strong> 1</p>\n                <p><strong>? Description:</strong> Taylor Swift is coming!</p>\n            </div>\n\n            <p><a href=\"http://localhost:5173\">Log in</a> to your account to accept or decline this invitation.</p>\n\n            <div class=\"footer\">\n                <p>This is an automated message from Let\'s Go Travel Plan Assistant</p>\n            </div>\n        </div>\n    </div>\n</body>\n</html>\n','2025-10-11 18:38:40.500617',NULL,3,'INVITATION_NOTIFICATION','liangli5100@gmail.com','Liang Li',1,0,81,'2025-10-11 18:38:41.404570','SENT','You\'re Invited to Join: Taylor Swift Concert',64),(31,'<!DOCTYPE html>\n<html>\n<head>\n    <meta charset=\"UTF-8\">\n    <style>\n        body { font-family: Arial, sans-serif; line-height: 1.6; color: #333; }\n        .container { max-width: 600px; margin: 0 auto; padding: 20px; }\n        .header { background: linear-gradient(135deg, #667eea 0%, #764ba2 100%); color: white; padding: 30px; text-align: center; border-radius: 10px 10px 0 0; }\n        .content { background: #f9f9f9; padding: 30px; border-radius: 0 0 10px 10px; }\n        .plan-details { background: white; padding: 20px; border-radius: 8px; margin: 20px 0; box-shadow: 0 2px 4px rgba(0,0,0,0.1); }\n        .button { display: inline-block; background: #667eea; color: white; padding: 12px 24px; text-decoration: none; border-radius: 5px; margin: 10px 0; }\n        .footer { text-align: center; margin-top: 30px; color: #666; font-size: 14px; }\n    </style>\n</head>\n<body>\n    <div class=\"container\">\n        <div class=\"header\">\n            <h1>? Your Travel Plan is Starting!</h1>\n        </div>\n        <div class=\"content\">\n            <p>Hi Ursula,</p>\n            <p>Great news! Your travel plan is about to begin. Here are the details:</p>\n\n            <div class=\"plan-details\">\n                <h3>? Taylor Swift Concert</h3>\n                <p><strong>? Destination:</strong> Vancouver, Canada</p>\n                <p><strong>? Start Date:</strong> Oct 11, 2025 at 00:00</p>\n                <p><strong>? End Date:</strong> Oct 11, 2025 at 00:00</p>\n                <p><strong>? Members:</strong> 1</p>\n                <p><strong>? Description:</strong> Taylor Swift is coming!</p>\n            </div>\n\n            <p>Have a wonderful trip! Safe travels! ?✈️</p>\n\n            <div class=\"footer\">\n                <p>This is an automated message from Travel Plan Assistant</p>\n            </div>\n        </div>\n    </div>\n</body>\n</html>\n','2025-10-11 18:42:00.057539',NULL,3,'TRAVEL_PLAN_START_REMINDER','test81@gmail.com','Ursula Van Houten',81,0,NULL,'2025-10-11 18:42:00.853131','SENT','Travel Plan Starting Soon: Taylor Swift Concert',64),(32,'<!DOCTYPE html>\n<html>\n<head>\n    <meta charset=\"UTF-8\">\n    <style>\n        body { font-family: Arial, sans-serif; line-height: 1.6; color: #333; }\n        .container { max-width: 600px; margin: 0 auto; padding: 20px; }\n        .header { background: linear-gradient(135deg, #667eea 0%, #764ba2 100%); color: white; padding: 30px; text-align: center; border-radius: 10px 10px 0 0; }\n        .content { background: #f9f9f9; padding: 30px; border-radius: 0 0 10px 10px; }\n        .plan-details { background: white; padding: 20px; border-radius: 8px; margin: 20px 0; box-shadow: 0 2px 4px rgba(0,0,0,0.1); }\n        .button { display: inline-block; background: #667eea; color: white; padding: 12px 24px; text-decoration: none; border-radius: 5px; margin: 10px 0; }\n        .footer { text-align: center; margin-top: 30px; color: #666; font-size: 14px; }\n    </style>\n</head>\n<body>\n    <div class=\"container\">\n        <div class=\"header\">\n            <h1>? Your Travel Plan is Starting!</h1>\n        </div>\n        <div class=\"content\">\n            <p>Hi Ursula,</p>\n            <p>Great news! Your travel plan is about to begin. Here are the details:</p>\n\n            <div class=\"plan-details\">\n                <h3>? Taylor Swift Concert</h3>\n                <p><strong>? Destination:</strong> Vancouver, Canada</p>\n                <p><strong>? Start Date:</strong> Oct 11, 2025 at 00:00</p>\n                <p><strong>? End Date:</strong> Oct 11, 2025 at 00:00</p>\n                <p><strong>? Members:</strong> 2</p>\n                <p><strong>? Description:</strong> Taylor Swift is coming!</p>\n            </div>\n\n            <p>Have a wonderful trip! Safe travels! ?✈️</p>\n\n            <div class=\"footer\">\n                <p>This is an automated message from Travel Plan Assistant</p>\n            </div>\n        </div>\n    </div>\n</body>\n</html>\n','2025-10-11 18:47:00.033770',NULL,3,'TRAVEL_PLAN_START_REMINDER','test81@gmail.com','Ursula Van Houten',81,0,NULL,'2025-10-11 18:47:00.822336','SENT','Travel Plan Starting Soon: Taylor Swift Concert',64),(33,'<!DOCTYPE html>\n<html>\n<head>\n    <meta charset=\"UTF-8\">\n    <style>\n        body { font-family: Arial, sans-serif; line-height: 1.6; color: #333; }\n        .container { max-width: 600px; margin: 0 auto; padding: 20px; }\n        .header { background: linear-gradient(135deg, #667eea 0%, #764ba2 100%); color: white; padding: 30px; text-align: center; border-radius: 10px 10px 0 0; }\n        .content { background: #f9f9f9; padding: 30px; border-radius: 0 0 10px 10px; }\n        .plan-details { background: white; padding: 20px; border-radius: 8px; margin: 20px 0; box-shadow: 0 2px 4px rgba(0,0,0,0.1); }\n        .button { display: inline-block; background: #667eea; color: white; padding: 12px 24px; text-decoration: none; border-radius: 5px; margin: 10px 0; }\n        .footer { text-align: center; margin-top: 30px; color: #666; font-size: 14px; }\n    </style>\n</head>\n<body>\n    <div class=\"container\">\n        <div class=\"header\">\n            <h1>? Your Travel Plan is Starting!</h1>\n        </div>\n        <div class=\"content\">\n            <p>Hi Liang,</p>\n            <p>Great news! Your travel plan is about to begin. Here are the details:</p>\n\n            <div class=\"plan-details\">\n                <h3>? Taylor Swift Concert</h3>\n                <p><strong>? Destination:</strong> Vancouver, Canada</p>\n                <p><strong>? Start Date:</strong> Oct 11, 2025 at 00:00</p>\n                <p><strong>? End Date:</strong> Oct 11, 2025 at 00:00</p>\n                <p><strong>? Members:</strong> 2</p>\n                <p><strong>? Description:</strong> Taylor Swift is coming!</p>\n            </div>\n\n            <p>Have a wonderful trip! Safe travels! ?✈️</p>\n\n            <div class=\"footer\">\n                <p>This is an automated message from Travel Plan Assistant</p>\n            </div>\n        </div>\n    </div>\n</body>\n</html>\n','2025-10-11 18:47:00.845902',NULL,3,'TRAVEL_PLAN_START_REMINDER','liangli5100@gmail.com','Liang Li',1,0,NULL,'2025-10-11 18:47:02.482484','SENT','Travel Plan Starting Soon: Taylor Swift Concert',64),(34,'<!DOCTYPE html>\n<html>\n<head>\n    <meta charset=\"UTF-8\">\n    <style>\n        body { font-family: Arial, sans-serif; line-height: 1.6; color: #333; }\n        .container { max-width: 600px; margin: 0 auto; padding: 20px; }\n        .header { background: linear-gradient(135deg, #4CAF50 0%, #45a049 100%); color: white; padding: 30px; text-align: center; border-radius: 10px 10px 0 0; }\n        .content { background: #f9f9f9; padding: 30px; border-radius: 0 0 10px 10px; }\n        .plan-details { background: white; padding: 20px; border-radius: 8px; margin: 20px 0; box-shadow: 0 2px 4px rgba(0,0,0,0.1); }\n        .footer { text-align: center; margin-top: 30px; color: #666; font-size: 14px; }\n    </style>\n</head>\n<body>\n    <div class=\"container\">\n        <div class=\"header\">\n            <h1>? Travel Plan Completed!</h1>\n        </div>\n        <div class=\"content\">\n            <p>Hi Ursula,</p>\n            <p>Congratulations! Your travel plan has been completed successfully.</p>\n\n            <div class=\"plan-details\">\n                <h3>? Taylor Swift Concert</h3>\n                <p><strong>? Destination:</strong> Vancouver, Canada</p>\n                <p><strong>? Completed:</strong> Oct 11, 2025 at 11:49</p>\n                <p><strong>? Members:</strong> 2</p>\n            </div>\n\n            <p>We hope you had an amazing time! Share your memories and plan your next adventure! ?</p>\n\n            <div class=\"footer\">\n                <p>This is an automated message from Travel Plan Assistant</p>\n            </div>\n        </div>\n    </div>\n</body>\n</html>\n','2025-10-11 18:49:00.033346',NULL,3,'TRAVEL_PLAN_COMPLETION','test81@gmail.com','Ursula Van Houten',81,0,NULL,'2025-10-11 18:49:00.855712','SENT','Travel Plan Completed: Taylor Swift Concert',64),(35,'<!DOCTYPE html>\n<html>\n<head>\n    <meta charset=\"UTF-8\">\n    <style>\n        body { font-family: Arial, sans-serif; line-height: 1.6; color: #333; }\n        .container { max-width: 600px; margin: 0 auto; padding: 20px; }\n        .header { background: linear-gradient(135deg, #4CAF50 0%, #45a049 100%); color: white; padding: 30px; text-align: center; border-radius: 10px 10px 0 0; }\n        .content { background: #f9f9f9; padding: 30px; border-radius: 0 0 10px 10px; }\n        .plan-details { background: white; padding: 20px; border-radius: 8px; margin: 20px 0; box-shadow: 0 2px 4px rgba(0,0,0,0.1); }\n        .footer { text-align: center; margin-top: 30px; color: #666; font-size: 14px; }\n    </style>\n</head>\n<body>\n    <div class=\"container\">\n        <div class=\"header\">\n            <h1>? Travel Plan Completed!</h1>\n        </div>\n        <div class=\"content\">\n            <p>Hi Liang,</p>\n            <p>Congratulations! Your travel plan has been completed successfully.</p>\n\n            <div class=\"plan-details\">\n                <h3>? Taylor Swift Concert</h3>\n                <p><strong>? Destination:</strong> Vancouver, Canada</p>\n                <p><strong>? Completed:</strong> Oct 11, 2025 at 11:49</p>\n                <p><strong>? Members:</strong> 2</p>\n            </div>\n\n            <p>We hope you had an amazing time! Share your memories and plan your next adventure! ?</p>\n\n            <div class=\"footer\">\n                <p>This is an automated message from Travel Plan Assistant</p>\n            </div>\n        </div>\n    </div>\n</body>\n</html>\n','2025-10-11 18:49:00.864229',NULL,3,'TRAVEL_PLAN_COMPLETION','liangli5100@gmail.com','Liang Li',1,0,NULL,'2025-10-11 18:49:01.639372','SENT','Travel Plan Completed: Taylor Swift Concert',64);
/*!40000 ALTER TABLE `notifications` ENABLE KEYS */;
UNLOCK TABLES;

--
-- Table structure for table `poll_options`
--

DROP TABLE IF EXISTS `poll_options`;
/*!40101 SET @saved_cs_client     = @@character_set_client */;
/*!50503 SET character_set_client = utf8mb4 */;
CREATE TABLE `poll_options` (
  `id` bigint NOT NULL AUTO_INCREMENT,
  `created_at` datetime(6) NOT NULL,
  `text` varchar(200) NOT NULL,
  `poll_id` bigint NOT NULL,
  PRIMARY KEY (`id`),
  KEY `FK1baxdjoxricfu0grc0j6821f7` (`poll_id`),
  CONSTRAINT `FK1baxdjoxricfu0grc0j6821f7` FOREIGN KEY (`poll_id`) REFERENCES `polls` (`id`)
) ENGINE=InnoDB AUTO_INCREMENT=55 DEFAULT CHARSET=utf8mb4 COLLATE=utf8mb4_0900_ai_ci;
/*!40101 SET character_set_client = @saved_cs_client */;

--
-- Dumping data for table `poll_options`
--

LOCK TABLES `poll_options` WRITE;
/*!40000 ALTER TABLE `poll_options` DISABLE KEYS */;
INSERT INTO `poll_options` VALUES (1,'2025-09-10 23:57:59.976914','meat',1),(2,'2025-09-10 23:57:59.976914','fruit',1),(12,'2025-09-11 05:01:29.018089','soccer',5),(13,'2025-09-11 05:01:29.018089','soccer2',5),(14,'2025-09-11 05:01:29.018089','soccer3',5),(15,'2025-09-11 06:26:32.484362','Cinema',6),(16,'2025-09-11 06:26:32.484362','Stadium',6),(17,'2025-09-11 06:26:32.484362','Bar',6),(18,'2025-09-11 23:24:15.454519','Bar',7),(19,'2025-09-11 23:24:15.454519','Restaurant',7),(20,'2025-09-11 23:24:15.454519','Gym',7),(21,'2025-09-11 23:25:19.528580','Movie',8),(22,'2025-09-11 23:25:19.528580','Soccer',8),(23,'2025-09-11 23:25:19.528580','PC Game',8),(24,'2025-09-11 23:26:54.409919','Test5',9),(25,'2025-09-11 23:26:54.409919','Fiona',9),(26,'2025-09-11 23:26:54.409919','Test6',9),(27,'2025-09-12 21:41:35.425140','Pizza',10),(28,'2025-09-12 21:41:35.425140','Burger',10),(29,'2025-09-12 21:41:35.425140','Chinese food',10),(30,'2025-09-29 05:04:21.133089','egg',11),(31,'2025-09-29 05:04:21.133089','meat',11),(32,'2025-09-29 05:04:21.133089','vegie',11),(39,'2025-09-29 05:17:05.144433','soccer',15),(40,'2025-09-29 05:17:05.144433','football',15),(41,'2025-09-29 05:21:39.608816','park',16),(42,'2025-09-29 05:21:39.608816','playground',16),(43,'2025-09-29 05:34:33.896309','bunny',17),(44,'2025-09-29 05:34:33.896309','teddy',17),(45,'2025-09-29 05:44:57.563669','bunny',18),(46,'2025-09-29 05:44:57.563669','teddy',18),(47,'2025-09-29 05:47:35.990741','bunny',19),(48,'2025-09-29 05:47:35.990741','teddy',19),(49,'2025-10-01 20:19:48.801303','pizza',20),(50,'2025-10-01 20:19:48.801303','noodle',20),(51,'2025-10-11 18:10:40.171936','Pizza',21),(52,'2025-10-11 18:10:40.171936','Burger',21),(53,'2025-10-11 18:10:40.171936','Ramen',21),(54,'2025-10-11 18:10:40.171936','Taco',21);
/*!40000 ALTER TABLE `poll_options` ENABLE KEYS */;
UNLOCK TABLES;

--
-- Table structure for table `poll_votes`
--

DROP TABLE IF EXISTS `poll_votes`;
/*!40101 SET @saved_cs_client     = @@character_set_client */;
/*!50503 SET character_set_client = utf8mb4 */;
CREATE TABLE `poll_votes` (
  `id` bigint NOT NULL AUTO_INCREMENT,
  `voted_at` datetime(6) NOT NULL,
  `poll_id` bigint NOT NULL,
  `poll_option_id` bigint NOT NULL,
  `user_id` bigint NOT NULL,
  PRIMARY KEY (`id`),
  KEY `FKmaogo469u92y072mev488em6p` (`poll_id`),
  KEY `FKe95ke8vf97rs9i45igbq4o9x4` (`poll_option_id`),
  KEY `FK3q0e7cabgif9f1t7voom07bg5` (`user_id`),
  CONSTRAINT `FK3q0e7cabgif9f1t7voom07bg5` FOREIGN KEY (`user_id`) REFERENCES `users` (`id`),
  CONSTRAINT `FKe95ke8vf97rs9i45igbq4o9x4` FOREIGN KEY (`poll_option_id`) REFERENCES `poll_options` (`id`),
  CONSTRAINT `FKmaogo469u92y072mev488em6p` FOREIGN KEY (`poll_id`) REFERENCES `polls` (`id`)
) ENGINE=InnoDB AUTO_INCREMENT=42 DEFAULT CHARSET=utf8mb4 COLLATE=utf8mb4_0900_ai_ci;
/*!40101 SET character_set_client = @saved_cs_client */;

--
-- Dumping data for table `poll_votes`
--

LOCK TABLES `poll_votes` WRITE;
/*!40000 ALTER TABLE `poll_votes` DISABLE KEYS */;
INSERT INTO `poll_votes` VALUES (2,'2025-09-11 06:14:07.711061',5,14,3),(3,'2025-09-11 06:15:31.782918',5,12,6),(8,'2025-09-11 06:25:56.968074',1,1,3),(9,'2025-09-11 06:26:02.226920',1,1,6),(10,'2025-09-11 06:28:37.419530',6,17,6),(11,'2025-09-11 06:28:52.345826',6,15,3),(12,'2025-09-11 23:25:27.056969',8,23,2),(13,'2025-09-11 23:25:48.502936',7,18,7),(14,'2025-09-11 23:25:55.607481',7,18,2),(15,'2025-09-11 23:26:01.636560',8,22,7),(16,'2025-09-11 23:27:26.412568',9,24,2),(17,'2025-09-11 23:27:28.056185',9,26,7),(18,'2025-09-11 23:28:15.897828',9,25,8),(19,'2025-09-11 23:28:21.496829',7,18,8),(20,'2025-09-11 23:28:29.239146',8,22,8),(21,'2025-09-12 21:41:40.633189',10,27,65),(22,'2025-09-12 21:41:48.707447',10,28,10),(23,'2025-09-12 21:42:22.256265',10,29,66),(24,'2025-09-12 21:42:45.975358',10,28,68),(25,'2025-09-12 21:43:27.568343',10,29,70),(26,'2025-09-29 05:04:33.032873',11,31,111),(27,'2025-09-29 05:04:40.137273',11,30,110),(28,'2025-09-29 05:17:16.728980',15,39,111),(29,'2025-09-29 05:17:20.351322',15,39,110),(30,'2025-09-29 05:21:49.345533',16,42,110),(31,'2025-09-29 05:21:52.243061',16,41,111),(32,'2025-09-29 05:45:23.950316',17,43,111),(33,'2025-09-29 05:45:26.659076',18,46,111),(34,'2025-09-29 05:45:32.070588',17,43,110),(35,'2025-09-29 05:45:35.331090',18,45,110),(36,'2025-10-01 20:19:58.650803',20,50,111),(37,'2025-10-01 20:20:08.155947',20,49,110),(38,'2025-10-11 18:10:50.395714',21,52,105),(39,'2025-10-11 18:10:51.191430',21,51,1),(40,'2025-10-11 18:11:59.748592',21,51,80),(41,'2025-10-11 18:24:22.867241',21,53,81);
/*!40000 ALTER TABLE `poll_votes` ENABLE KEYS */;
UNLOCK TABLES;

--
-- Table structure for table `polls`
--

DROP TABLE IF EXISTS `polls`;
/*!40101 SET @saved_cs_client     = @@character_set_client */;
/*!50503 SET character_set_client = utf8mb4 */;
CREATE TABLE `polls` (
  `id` bigint NOT NULL AUTO_INCREMENT,
  `closed_at` datetime(6) DEFAULT NULL,
  `created_at` datetime(6) NOT NULL,
  `end_time` datetime(6) NOT NULL,
  `is_anonymous` bit(1) DEFAULT NULL,
  `is_multiple_choice` bit(1) DEFAULT NULL,
  `question` varchar(500) NOT NULL,
  `start_time` datetime(6) NOT NULL,
  `status` enum('ACTIVE','CLOSED') NOT NULL,
  `updated_at` datetime(6) DEFAULT NULL,
  `created_by` bigint NOT NULL,
  `travel_plan_id` bigint NOT NULL,
  PRIMARY KEY (`id`),
  KEY `FKs2iay0nvudl3tl0a33ji0pxyn` (`created_by`),
  KEY `FK1h4wtvuj2ttgish369011hurd` (`travel_plan_id`),
  CONSTRAINT `FK1h4wtvuj2ttgish369011hurd` FOREIGN KEY (`travel_plan_id`) REFERENCES `travel_plans` (`id`),
  CONSTRAINT `FKs2iay0nvudl3tl0a33ji0pxyn` FOREIGN KEY (`created_by`) REFERENCES `users` (`id`)
) ENGINE=InnoDB AUTO_INCREMENT=22 DEFAULT CHARSET=utf8mb4 COLLATE=utf8mb4_0900_ai_ci;
/*!40101 SET character_set_client = @saved_cs_client */;

--
-- Dumping data for table `polls`
--

LOCK TABLES `polls` WRITE;
/*!40000 ALTER TABLE `polls` DISABLE KEYS */;
INSERT INTO `polls` VALUES (1,NULL,'2025-09-10 23:57:59.976914','2025-09-17 23:57:59.976914',_binary '\0',_binary '\0','what do we have for lunch','2025-09-10 23:57:59.976914','ACTIVE',NULL,3,7),(5,NULL,'2025-09-11 05:01:29.018089','2025-09-18 05:01:29.018089',_binary '\0',_binary '\0','play what?','2025-09-11 05:01:29.018089','ACTIVE',NULL,3,7),(6,NULL,'2025-09-11 06:26:32.484362','2025-09-18 06:26:32.484362',_binary '\0',_binary '\0','where shall we go next?','2025-09-11 06:26:32.484362','ACTIVE',NULL,6,7),(7,NULL,'2025-09-11 23:24:15.454519','2025-09-18 23:24:15.454519',_binary '\0',_binary '\0','where shall we go next?','2025-09-11 23:24:15.454519','ACTIVE',NULL,7,8),(8,NULL,'2025-09-11 23:25:19.528580','2025-09-18 23:25:19.528580',_binary '\0',_binary '\0','What do we play?','2025-09-11 23:25:19.528580','ACTIVE',NULL,2,8),(9,NULL,'2025-09-11 23:26:54.409919','2025-09-18 23:26:54.409919',_binary '\0',_binary '\0','Please choose the one to clean room tonight','2025-09-11 23:26:54.409919','ACTIVE',NULL,7,8),(10,NULL,'2025-09-12 21:41:35.425140','2025-09-19 21:41:35.425140',_binary '\0',_binary '\0','What do we eat for lunch?','2025-09-12 21:41:35.425140','ACTIVE',NULL,65,9),(11,NULL,'2025-09-29 05:04:21.133089','2025-10-06 05:04:21.133089',_binary '\0',_binary '\0','what to eay','2025-09-29 05:04:21.133089','ACTIVE',NULL,111,60),(15,NULL,'2025-09-29 05:17:05.144433','2025-10-06 05:17:05.144433',_binary '\0',_binary '\0','play what','2025-09-29 05:17:05.144433','ACTIVE',NULL,110,60),(16,NULL,'2025-09-29 05:21:39.608816','2025-10-06 05:21:39.608816',_binary '\0',_binary '\0','where to go','2025-09-29 05:21:39.608816','ACTIVE',NULL,111,60),(17,NULL,'2025-09-29 05:34:33.896309','2025-10-06 05:34:33.896309',_binary '\0',_binary '\0','what gift','2025-09-29 05:34:33.896309','ACTIVE',NULL,110,60),(18,NULL,'2025-09-29 05:44:57.563669','2025-10-06 05:44:57.563669',_binary '\0',_binary '\0','what gift','2025-09-29 05:44:57.563669','ACTIVE',NULL,110,60),(19,NULL,'2025-09-29 05:47:35.990741','2025-10-06 05:47:35.990741',_binary '\0',_binary '\0','what gift','2025-09-29 05:47:35.990741','ACTIVE',NULL,110,60),(20,NULL,'2025-10-01 20:19:48.801303','2025-10-08 20:19:48.801303',_binary '\0',_binary '\0','what do we eat lunch?','2025-10-01 20:19:48.801303','ACTIVE',NULL,110,62),(21,NULL,'2025-10-11 18:10:40.171936','2025-10-18 18:10:40.171936',_binary '\0',_binary '\0','What do we eat for lunch?','2025-10-11 18:10:40.171936','ACTIVE',NULL,1,63);
/*!40000 ALTER TABLE `polls` ENABLE KEYS */;
UNLOCK TABLES;

--
-- Table structure for table `shared_expenses`
--

DROP TABLE IF EXISTS `shared_expenses`;
/*!40101 SET @saved_cs_client     = @@character_set_client */;
/*!50503 SET character_set_client = utf8mb4 */;
CREATE TABLE `shared_expenses` (
  `id` bigint NOT NULL AUTO_INCREMENT,
  `created_at` datetime(6) NOT NULL,
  `currency` varchar(255) NOT NULL,
  `description` varchar(500) NOT NULL,
  `expense_date` datetime(6) NOT NULL,
  `notes` varchar(1000) DEFAULT NULL,
  `payment_method` varchar(255) DEFAULT NULL,
  `purpose` varchar(200) NOT NULL,
  `receipt_image` varchar(255) DEFAULT NULL,
  `settled_at` datetime(6) DEFAULT NULL,
  `status` enum('PENDING','SETTLED') NOT NULL,
  `total_amount` decimal(10,2) NOT NULL,
  `updated_at` datetime(6) DEFAULT NULL,
  `paid_by` bigint NOT NULL,
  `travel_plan_id` bigint NOT NULL,
  PRIMARY KEY (`id`),
  KEY `FKklnndcq4bnt3d5px0q2t0x6ji` (`paid_by`),
  KEY `FKnr3d5vvbjo62kdooqn3nb0rua` (`travel_plan_id`),
  CONSTRAINT `FKklnndcq4bnt3d5px0q2t0x6ji` FOREIGN KEY (`paid_by`) REFERENCES `users` (`id`),
  CONSTRAINT `FKnr3d5vvbjo62kdooqn3nb0rua` FOREIGN KEY (`travel_plan_id`) REFERENCES `travel_plans` (`id`)
) ENGINE=InnoDB AUTO_INCREMENT=8 DEFAULT CHARSET=utf8mb4 COLLATE=utf8mb4_0900_ai_ci;
/*!40101 SET character_set_client = @saved_cs_client */;

--
-- Dumping data for table `shared_expenses`
--

LOCK TABLES `shared_expenses` WRITE;
/*!40000 ALTER TABLE `shared_expenses` DISABLE KEYS */;
INSERT INTO `shared_expenses` VALUES (1,'2025-09-12 01:41:23.905267','CAD','Pizza from Pizza Hut','2025-09-12 08:41:23.849000',NULL,NULL,'Food',NULL,NULL,'PENDING',200.00,NULL,2,8),(2,'2025-09-12 05:34:42.085572','CAD','Movie tickets for <<Deadpool 3>>','2025-09-12 12:34:18.623000',NULL,NULL,'Movie tickets',NULL,NULL,'PENDING',126.00,NULL,7,8),(3,'2025-09-12 18:54:52.490450','CAD','Gift for friends at home','2025-09-13 01:54:52.450000',NULL,NULL,'Gift',NULL,NULL,'PENDING',200.00,NULL,2,8),(4,'2025-09-12 21:46:26.723170','CAD','Gift for friends','2025-09-13 04:46:26.682000',NULL,NULL,'Gift',NULL,NULL,'PENDING',160.00,NULL,10,9),(5,'2025-09-29 06:01:04.352747','CAD','Gift','2025-09-29 13:01:04.311000',NULL,NULL,'Gift',NULL,NULL,'PENDING',200.00,NULL,110,60),(6,'2025-09-29 19:04:44.914545','CAD','lunch','2025-09-30 02:04:44.875000',NULL,NULL,'Lunch',NULL,NULL,'PENDING',56.00,NULL,111,60),(7,'2025-10-11 18:27:07.685189','CAD','Souvenir for friends back home','2025-10-12 01:27:07.661000',NULL,NULL,'Gift for friends',NULL,NULL,'PENDING',188.98,NULL,1,63);
/*!40000 ALTER TABLE `shared_expenses` ENABLE KEYS */;
UNLOCK TABLES;

--
-- Table structure for table `travel_plans`
--

DROP TABLE IF EXISTS `travel_plans`;
/*!40101 SET @saved_cs_client     = @@character_set_client */;
/*!50503 SET character_set_client = utf8mb4 */;
CREATE TABLE `travel_plans` (
  `id` bigint NOT NULL AUTO_INCREMENT,
  `title` varchar(200) NOT NULL,
  `plan_type` varchar(20) NOT NULL,
  `category` varchar(30) NOT NULL,
  `start_date` datetime NOT NULL,
  `end_date` datetime NOT NULL,
  `origin_country` varchar(255) DEFAULT NULL,
  `origin_city` varchar(255) DEFAULT NULL,
  `destination_country` varchar(255) DEFAULT NULL,
  `destination_city` varchar(255) DEFAULT NULL,
  `transportation` varchar(20) DEFAULT NULL,
  `accommodation` varchar(20) DEFAULT NULL,
  `max_members` int NOT NULL,
  `description` varchar(2000) NOT NULL,
  `images` json DEFAULT NULL,
  `gender` varchar(20) DEFAULT NULL,
  `age_min` int DEFAULT NULL,
  `age_max` int DEFAULT NULL,
  `language` varchar(255) DEFAULT NULL,
  `status` varchar(20) NOT NULL,
  `owner_id` bigint NOT NULL,
  `created_at` datetime NOT NULL,
  `updated_at` datetime DEFAULT NULL,
  `cancelled_at` datetime DEFAULT NULL,
  `cancellation_reason` varchar(500) DEFAULT NULL,
  PRIMARY KEY (`id`),
  KEY `owner_id` (`owner_id`),
  CONSTRAINT `travel_plans_ibfk_1` FOREIGN KEY (`owner_id`) REFERENCES `users` (`id`)
) ENGINE=InnoDB AUTO_INCREMENT=65 DEFAULT CHARSET=utf8mb4 COLLATE=utf8mb4_0900_ai_ci;
/*!40101 SET character_set_client = @saved_cs_client */;

--
-- Dumping data for table `travel_plans`
--

LOCK TABLES `travel_plans` WRITE;
/*!40000 ALTER TABLE `travel_plans` DISABLE KEYS */;
INSERT INTO `travel_plans` VALUES (3,'test','PUBLIC','SPORTS','2025-07-22 07:00:00','2025-07-24 07:00:00','Denmark','Vancouver','France','Paris','FLIGHT','AIRBNB',5,'testtesttest','[\"travel_image_01.jpg\", \"travel_image_02.jpg\"]','ANY',18,70,'','CANCELLED',1,'2025-07-21 23:22:43','2025-09-24 21:13:51','2025-09-24 21:13:51','No need'),(4,'test','PUBLIC','TRIP','2025-07-22 07:00:00','2025-07-29 07:00:00','Canada','Burnaby','France','Paris','FLIGHT','AIRBNB',5,'This a new trip','[\"travel_image_03.jpg\", \"travel_image_04.jpg\"]','FEMALE',18,25,'English','NEW',5,'2025-07-22 05:23:38','2025-07-22 05:23:38',NULL,NULL),(5,'Soccer game','PRIVATE','SPORTS','2025-08-08 07:00:00','2025-08-14 07:00:00','Canada','Vancouver','Canada','Vancouver','CAR','AIRBNB',6,'Soccer game','[\"travel_image_05.jpg\"]','ANY',20,30,'English','CANCELLED',4,'2025-08-08 04:30:26','2025-09-09 21:14:32','2025-09-09 21:14:32','Owner closed the plan'),(7,'Swifty Party','PUBLIC','CONCERT','2025-08-21 07:00:00','2025-08-24 07:00:00','Canada','Vancouver','United States','New York','FLIGHT','AIRBNB',2,'Hello Hello Hello','[\"travel_image_06.jpg\", \"travel_image_07.jpg\", \"travel_image_08.jpg\"]','FEMALE',10,25,'English','IN_PROGRESS',3,'2025-08-20 01:35:49','2025-08-20 01:35:49',NULL,NULL),(8,'Test plan 2','PUBLIC','TRIP','2025-08-22 07:00:00','2025-08-24 07:00:00','Italy','Milan','Japan','Tokyo','FLIGHT','AIRBNB',5,'hello hello','[\"travel_image_09.jpg\"]','ANY',NULL,NULL,'','IN_PROGRESS',2,'2025-08-21 23:50:53','2025-08-25 23:17:36',NULL,NULL),(9,'European Art Museums Tour','PUBLIC','TRIP','2025-09-12 09:00:00','2025-09-12 18:00:00','United States','New York','France','Paris','FLIGHT','HOTEL',8,'Join us for an amazing journey through Europe\'s finest art museums. We\'ll visit the Louvre, Musée d\'Orsay, and many more!','[\"travel_image_10.jpg\", \"travel_image_11.jpg\"]','ANY',NULL,NULL,'','NEW',10,'2025-09-11 20:00:00','2025-09-12 22:13:06',NULL,NULL),(10,'Madrid Football Match','PUBLIC','SPORTS','2025-11-03 14:00:00','2025-11-05 22:00:00','Spain','Barcelona','Spain','Madrid','RAILWAY','HOTEL',6,'Experience the passion of Spanish football! We\'re going to see Real Madrid vs Barcelona at Santiago Bernabéu.','[\"travel_image_12.jpg\", \"travel_image_13.jpg\"]','MALE',18,45,'Spanish','NEW',11,'2025-09-11 20:01:00','2025-09-11 20:01:00',NULL,NULL),(11,'Berlin Tech Conference','PUBLIC','EVENT','2025-12-08 08:00:00','2025-12-12 17:00:00','Germany','Munich','Germany','Berlin','RAILWAY','HOSTEL',12,'Join fellow tech enthusiasts at Europe\'s largest technology conference. Network with professionals and learn about the latest innovations.','[\"travel_image_14.jpg\"]','ANY',22,50,'German','NEW',12,'2025-09-11 20:02:00','2025-09-11 20:02:00',NULL,NULL),(12,'French Culinary Adventure','PRIVATE','TRIP','2025-10-20 10:00:00','2025-10-27 16:00:00','France','Paris','France','Lyon','CAR','AIRBNB',4,'Discover the culinary secrets of France! We\'ll take cooking classes, visit local markets, and dine at authentic bistros.','[\"travel_image_15.jpg\", \"travel_image_16.jpg\"]','FEMALE',30,60,'French','NEW',13,'2025-09-11 20:03:00','2025-09-11 20:03:00',NULL,NULL),(13,'Italian Alpine Hiking','PUBLIC','SPORTS','2025-09-25 07:00:00','2025-10-02 19:00:00','Italy','Milan','Italy','Alps Region','CAR','CAMPING',8,'Challenge yourself with breathtaking alpine hikes in the Italian Dolomites. Perfect for adventure seekers!','[\"travel_image_17.jpg\", \"travel_image_18.jpg\"]','ANY',20,40,'Italian','NEW',14,'2025-09-11 20:04:00','2025-09-11 20:04:00',NULL,NULL),(14,'Portuguese Coastal Road Trip','PUBLIC','TRIP','2025-11-15 09:00:00','2025-11-22 18:00:00','Portugal','Lisbon','Portugal','Porto','CAR','HOTEL',6,'Explore Portugal\'s stunning coastline from Lisbon to Porto. Beautiful beaches, charming towns, and amazing seafood await!','[\"travel_image_19.jpg\", \"travel_image_20.jpg\"]','ANY',25,55,'Portuguese','NEW',15,'2025-09-11 20:05:00','2025-09-11 20:05:00',NULL,NULL),(15,'Tokyo Gaming Tournament','PUBLIC','GAME','2025-12-15 10:00:00','2025-12-18 22:00:00','Japan','Osaka','Japan','Tokyo','RAILWAY','HOSTEL',10,'Join the biggest gaming tournament in Asia! Compete in esports and meet fellow gamers from around the world.','[\"travel_image_21.jpg\", \"travel_image_22.jpg\"]','ANY',16,35,'Japanese','NEW',16,'2025-09-11 20:06:00','2025-09-11 20:06:00',NULL,NULL),(16,'Canadian Winter Adventure','PUBLIC','SPORTS','2026-01-10 08:00:00','2026-01-17 17:00:00','Canada','Vancouver','Canada','Whistler','CAR','HOTEL',8,'Experience the best of Canadian winter! Skiing, snowboarding, and winter sports in beautiful Whistler.','[\"travel_image_23.jpg\", \"travel_image_24.jpg\"]','ANY',20,45,'English','NEW',17,'2025-09-11 20:07:00','2025-09-11 20:07:00',NULL,NULL),(17,'Scandinavian Northern Lights','PUBLIC','TRIP','2026-02-05 15:00:00','2026-02-12 12:00:00','Sweden','Stockholm','Norway','Tromsø','FLIGHT','HOTEL',6,'Chase the magical Northern Lights in the Arctic! Unique experience with dog sledding and traditional Sami culture.','[\"travel_image_25.jpg\", \"travel_image_26.jpg\"]','ANY',18,65,'Swedish','NEW',18,'2025-09-11 20:08:00','2025-09-11 20:08:00',NULL,NULL),(18,'Danish Design Week','PRIVATE','EVENT','2025-10-28 09:00:00','2025-11-02 18:00:00','Denmark','Copenhagen','Denmark','Aarhus','RAILWAY','AIRBNB',5,'Immerse yourself in Scandinavian design culture. Visit design studios, attend workshops, and meet renowned designers.','[\"travel_image_27.jpg\", \"travel_image_28.jpg\"]','ANY',25,50,'Danish','NEW',19,'2025-09-11 20:09:00','2025-09-11 20:09:00',NULL,NULL),(19,'Russian Ballet Festival','PUBLIC','SHOW','2025-12-20 19:00:00','2025-12-27 22:00:00','Russia','Moscow','Russia','St. Petersburg','RAILWAY','HOTEL',8,'Experience world-class ballet performances at the Mariinsky and Bolshoi theaters. A cultural journey through Russian arts.','[\"travel_image_29.jpg\", \"travel_image_30.jpg\"]','ANY',20,70,'Russian','NEW',20,'2025-09-11 20:10:00','2025-09-11 20:10:00',NULL,NULL),(20,'French Wine Tasting Tour','PRIVATE','TRIP','2025-11-08 11:00:00','2025-11-15 16:00:00','France','Paris','France','Bordeaux','CAR','HOTEL',6,'Discover the finest French wines in Bordeaux region. Private tastings at prestigious châteaux and vineyard tours.','[\"travel_image_31.jpg\", \"travel_image_32.jpg\"]','ANY',28,60,'French','NEW',21,'2025-09-11 20:11:00','2025-09-11 20:11:00',NULL,NULL),(21,'Portuguese Surfing Camp','PUBLIC','SPORTS','2025-10-01 08:00:00','2025-10-08 19:00:00','Portugal','Lisbon','Portugal','Nazaré','CAR','CAMPING',10,'Learn to surf on Portugal\'s legendary waves! Beginner-friendly with professional instructors and equipment provided.','[\"travel_image_33.jpg\", \"travel_image_34.jpg\"]','ANY',26,NULL,'','CANCELLED',22,'2025-09-11 20:12:00','2025-09-12 22:38:45','2025-09-12 22:38:45','Can\'t go'),(22,'Swedish Midsummer Festival','PUBLIC','EVENT','2026-06-19 12:00:00','2026-06-22 23:00:00','Sweden','Stockholm','Sweden','Dalarna','CAR','AIRBNB',8,'Celebrate traditional Swedish Midsummer with locals! Folk dancing, flower crowns, and authentic Swedish cuisine.','[\"travel_image_35.jpg\", \"travel_image_36.jpg\"]','ANY',18,NULL,NULL,'CANCELLED',23,'2025-09-11 20:13:00','2025-09-12 22:43:01','2025-09-12 22:43:01','111111'),(23,'Polish Historical Cities','PUBLIC','TRIP','2025-11-25 10:00:00','2025-12-02 17:00:00','Poland','Warsaw','Poland','Kraków','RAILWAY','HOTEL',7,'Explore Poland\'s rich history through its beautiful medieval cities. Visit castles, museums, and UNESCO World Heritage sites.','[\"travel_image_37.jpg\", \"travel_image_38.jpg\"]','ANY',22,NULL,NULL,'NEW',24,'2025-09-11 20:14:00','2025-09-11 20:14:00',NULL,NULL),(24,'Czech Beer Festival','PUBLIC','EVENT','2025-10-10 15:00:00','2025-10-14 23:00:00','Czech Republic','Prague','Czech Republic','Plzen','CAR','HOSTEL',12,'Experience the world\'s best beer culture in the birthplace of Pilsner! Brewery tours and traditional Czech cuisine.','[\"travel_image_39.jpg\", \"travel_image_40.jpg\"]','ANY',21,NULL,NULL,'NEW',25,'2025-09-11 20:15:00','2025-09-11 20:15:00',NULL,NULL),(25,'Chinese Martial Arts Retreat','PRIVATE','SPORTS','2025-12-01 07:00:00','2025-12-10 18:00:00','China','Beijing','China','Shaolin','RAILWAY','HOSTEL',8,'Train with Shaolin monks and learn authentic Chinese martial arts. Meditation, philosophy, and physical training included.','[\"travel_image_41.jpg\", \"travel_image_42.jpg\"]','ANY',18,NULL,NULL,'NEW',26,'2025-09-11 20:16:00','2025-09-11 20:16:00',NULL,NULL),(26,'Indian Bollywood Experience','PUBLIC','SHOW','2026-01-20 14:00:00','2026-01-27 22:00:00','India','Mumbai','India','Delhi','FLIGHT','HOTEL',10,'Dive into the colorful world of Bollywood! Meet actors, visit film studios, and attend movie premieres.','[\"travel_image_43.jpg\", \"travel_image_44.jpg\"]','ANY',20,NULL,NULL,'NEW',27,'2025-09-11 20:17:00','2025-09-11 20:17:00',NULL,NULL),(27,'Bulgarian Rose Festival','PUBLIC','EVENT','2026-05-25 09:00:00','2026-06-01 18:00:00','Bulgaria','Sofia','Bulgaria','Kazanlak','CAR','HOTEL',6,'Experience the magical Rose Festival in the Valley of Roses. Learn about rose oil production and traditional crafts.','[\"travel_image_45.jpg\", \"travel_image_46.jpg\"]','FEMALE',25,NULL,NULL,'NEW',28,'2025-09-11 20:18:00','2025-09-11 20:18:00',NULL,NULL),(28,'Arabian Desert Safari','PUBLIC','TRIP','2025-12-28 06:00:00','2026-01-04 20:00:00','United Arab Emirates','Dubai','United Arab Emirates','Abu Dhabi','CAR','CAMPING',8,'Adventure through the Arabian Desert! Camel riding, sandboarding, and nights under the stars with Bedouin culture.','[\"travel_image_47.jpg\", \"travel_image_48.jpg\"]','ANY',18,NULL,NULL,'NEW',29,'2025-09-11 20:19:00','2025-09-11 20:19:00',NULL,NULL),(29,'Japanese Fashion Week','PRIVATE','EVENT','2026-03-15 10:00:00','2026-03-22 19:00:00','Japan','Tokyo','Japan','Kyoto','RAILWAY','HOTEL',5,'Explore cutting-edge Japanese fashion and design. Attend runway shows, meet designers, and visit fashion districts.','[\"travel_image_49.jpg\", \"travel_image_50.jpg\"]','FEMALE',22,NULL,NULL,'NEW',30,'2025-09-11 20:20:00','2025-09-11 20:20:00',NULL,NULL),(30,'Hungarian Classical Music Festival','PUBLIC','CONCERT','2025-11-18 19:00:00','2025-11-25 22:00:00','Hungary','Budapest','Hungary','Debrecen','RAILWAY','HOTEL',8,'Immerse yourself in Hungary\'s rich musical heritage. Attend concerts in historic venues and meet classical musicians.','[\"travel_image_01.jpg\", \"travel_image_15.jpg\"]','ANY',25,NULL,NULL,'NEW',31,'2025-09-11 20:21:00','2025-09-11 20:21:00',NULL,NULL),(31,'Dutch Tulip Season','PUBLIC','TRIP','2026-04-12 08:00:00','2026-04-19 17:00:00','Netherlands','Amsterdam','Netherlands','Keukenhof','CAR','AIRBNB',6,'Witness the spectacular Dutch tulip season! Visit Keukenhof Gardens and cycle through colorful flower fields.','[\"travel_image_02.jpg\", \"travel_image_16.jpg\"]','ANY',20,NULL,NULL,'NEW',32,'2025-09-11 20:22:00','2025-09-11 20:22:00',NULL,NULL),(32,'Swedish Northern Adventure','PUBLIC','SPORTS','2026-02-15 07:00:00','2026-02-22 18:00:00','Sweden','Stockholm','Sweden','Kiruna','FLIGHT','CAMPING',8,'Arctic adventure in Swedish Lapland! Dog sledding, ice hotels, and indigenous Sami culture experiences.','[\"travel_image_03.jpg\", \"travel_image_17.jpg\"]','ANY',18,NULL,NULL,'NEW',33,'2025-09-11 20:23:00','2025-09-11 20:23:00',NULL,NULL),(33,'Korean K-Pop Experience','PUBLIC','CONCERT','2026-04-05 14:00:00','2026-04-12 22:00:00','South Korea','Seoul','South Korea','Busan','RAILWAY','HOTEL',12,'Live the K-Pop dream! Attend concerts, visit entertainment agencies, and learn K-Pop choreography.','[\"travel_image_04.jpg\", \"travel_image_18.jpg\"]','ANY',16,NULL,NULL,'NEW',34,'2025-09-11 20:24:00','2025-09-11 20:24:00',NULL,NULL),(34,'Greek Island Hopping','PUBLIC','TRIP','2026-05-10 10:00:00','2026-05-20 16:00:00','Greece','Athens','Greece','Santorini','CRUISE','HOTEL',10,'Explore the beautiful Greek islands! Visit Mykonos, Santorini, and Crete with crystal clear waters and ancient history.','[\"travel_image_05.jpg\", \"travel_image_19.jpg\"]','ANY',22,NULL,NULL,'NEW',35,'2025-09-11 20:25:00','2025-09-11 20:25:00',NULL,NULL),(35,'British Heritage Tour','PUBLIC','TRIP','2025-10-18 09:00:00','2025-10-25 17:00:00','United Kingdom','London','United Kingdom','Edinburgh','RAILWAY','HOTEL',8,'Discover Britain\'s royal heritage! Visit castles, palaces, and historic sites from London to Scotland.','[\"travel_image_06.jpg\", \"travel_image_20.jpg\"]','ANY',25,NULL,NULL,'NEW',36,'2025-09-11 20:26:00','2025-09-11 20:26:00',NULL,NULL),(36,'Portuguese Wine & Food','PRIVATE','TRIP','2025-11-12 11:00:00','2025-11-19 18:00:00','Portugal','Porto','Portugal','Douro Valley','CAR','AIRBNB',6,'Taste the best of Portuguese wine and cuisine in the scenic Douro Valley. Private vineyard tours and cooking classes.','[\"travel_image_07.jpg\", \"travel_image_21.jpg\"]','ANY',30,NULL,NULL,'NEW',37,'2025-09-11 20:27:00','2025-09-11 20:27:00',NULL,NULL),(37,'Chinese Technology Tour','PUBLIC','EVENT','2026-01-15 09:00:00','2026-01-22 17:00:00','China','Beijing','China','Shenzhen','FLIGHT','HOTEL',10,'Explore China\'s tech capital! Visit leading technology companies, innovation hubs, and experience the latest in AI and robotics.','[\"travel_image_08.jpg\", \"travel_image_22.jpg\"]','ANY',22,NULL,NULL,'NEW',38,'2025-09-11 20:28:00','2025-09-11 20:28:00',NULL,NULL),(38,'Russian Cultural Exchange','PRIVATE','EVENT','2026-03-08 10:00:00','2026-03-15 18:00:00','Russia','Moscow','Russia','Kazan','FLIGHT','HOTEL',6,'Cultural immersion in Russia\'s diverse regions. Learn about Tatar culture, visit museums, and attend traditional performances.','[\"travel_image_09.jpg\", \"travel_image_23.jpg\"]','ANY',25,NULL,NULL,'NEW',39,'2025-09-11 20:29:00','2025-09-11 20:29:00',NULL,NULL),(39,'American Innovation Tour','PUBLIC','EVENT','2026-02-10 08:00:00','2026-02-17 19:00:00','United States','Chicago','United States','San Francisco','FLIGHT','HOTEL',12,'Discover American innovation! Visit Silicon Valley tech companies, attend conferences, and network with entrepreneurs.','[\"travel_image_10.jpg\", \"travel_image_24.jpg\"]','ANY',24,NULL,NULL,'NEW',40,'2025-09-11 20:30:00','2025-09-11 20:30:00',NULL,NULL),(40,'Egyptian Archaeological Adventure','PUBLIC','TRIP','2026-04-20 07:00:00','2026-04-30 19:00:00','Egypt','Cairo','Egypt','Luxor','CRUISE','HOTEL',8,'Explore ancient Egypt! Visit pyramids, temples, and archaeological sites along the Nile River with expert guides.','[\"travel_image_11.jpg\", \"travel_image_25.jpg\"]','ANY',20,NULL,NULL,'NEW',41,'2025-09-11 20:31:00','2025-09-11 20:31:00',NULL,NULL),(41,'Italian Fashion & Design','PRIVATE','EVENT','2026-06-08 10:00:00','2026-06-15 18:00:00','Italy','Milan','Italy','Florence','RAILWAY','HOTEL',6,'Experience Italian fashion and design excellence. Attend fashion shows, visit ateliers, and meet renowned designers.','[\"travel_image_12.jpg\", \"travel_image_26.jpg\"]','FEMALE',25,NULL,NULL,'NEW',42,'2025-09-11 20:32:00','2025-09-11 20:32:00',NULL,NULL),(42,'Swedish Environmental Tour','PUBLIC','TRIP','2026-05-18 09:00:00','2026-05-25 17:00:00','Sweden','Stockholm','Sweden','Gothenburg','RAILWAY','AIRBNB',8,'Learn about Sweden\'s environmental leadership. Visit sustainable energy projects, eco-friendly companies, and green innovations.','[\"travel_image_13.jpg\", \"travel_image_27.jpg\"]','ANY',22,NULL,NULL,'NEW',43,'2025-09-11 20:33:00','2025-09-11 20:33:00',NULL,NULL),(43,'Bulgarian Mountain Hiking','PUBLIC','SPORTS','2026-07-12 07:00:00','2026-07-19 18:00:00','Bulgaria','Sofia','Bulgaria','Rila Mountains','CAR','CAMPING',10,'Hike Bulgaria\'s stunning Rila Mountains! Visit monasteries, alpine lakes, and experience traditional mountain culture.','[\"travel_image_14.jpg\", \"travel_image_28.jpg\"]','ANY',18,NULL,NULL,'NEW',44,'2025-09-11 20:34:00','2025-09-11 20:34:00',NULL,NULL),(44,'Indian Startup Ecosystem','PUBLIC','EVENT','2026-08-15 09:00:00','2026-08-22 18:00:00','India','Mumbai','India','Bangalore','FLIGHT','HOTEL',12,'Explore India\'s booming startup scene! Visit tech hubs, meet entrepreneurs, and attend innovation conferences.','[\"travel_image_15.jpg\", \"travel_image_29.jpg\"]','ANY',22,NULL,NULL,'NEW',45,'2025-09-11 20:35:00','2025-09-11 20:35:00',NULL,NULL),(45,'German Automotive Experience','PRIVATE','EVENT','2026-09-10 08:00:00','2026-09-17 17:00:00','Germany','Munich','Germany','Stuttgart','CAR','HOTEL',8,'Discover German automotive excellence! Visit BMW, Mercedes-Benz museums, and experience cutting-edge vehicle technology.','[\"travel_image_16.jpg\", \"travel_image_30.jpg\"]','ANY',25,NULL,NULL,'NEW',46,'2025-09-11 20:36:00','2025-09-11 20:36:00',NULL,NULL),(46,'Mexican Cultural Festival','PUBLIC','EVENT','2026-10-01 12:00:00','2026-10-08 22:00:00','Mexico','Mexico City','Mexico','Oaxaca','FLIGHT','HOTEL',10,'Immerse yourself in Mexican culture! Traditional festivals, indigenous arts, and authentic culinary experiences.','[\"travel_image_17.jpg\", \"travel_image_31.jpg\"]','ANY',20,NULL,NULL,'NEW',47,'2025-09-11 20:37:00','2025-09-11 20:37:00',NULL,NULL),(47,'Norwegian Fjords Expedition','PUBLIC','TRIP','2026-06-25 07:00:00','2026-07-05 19:00:00','Norway','Oslo','Norway','Bergen','CRUISE','HOTEL',8,'Sail through Norway\'s magnificent fjords! Stunning landscapes, waterfalls, and Viking heritage await you.','[\"travel_image_18.jpg\", \"travel_image_32.jpg\"]','ANY',18,NULL,NULL,'NEW',48,'2025-09-11 20:38:00','2025-09-11 20:38:00',NULL,NULL),(48,'Finnish Midnight Sun','PUBLIC','TRIP','2026-06-10 06:00:00','2026-06-20 23:00:00','Finland','Helsinki','Finland','Lapland','FLIGHT','CAMPING',6,'Experience the magical midnight sun in Finnish Lapland! Reindeer farms, Sami culture, and 24-hour daylight.','[\"travel_image_19.jpg\", \"travel_image_33.jpg\"]','ANY',20,NULL,NULL,'NEW',49,'2025-09-11 20:39:00','2025-09-11 20:39:00',NULL,NULL),(49,'Australian Outback Adventure','PUBLIC','TRIP','2026-08-05 08:00:00','2026-08-15 18:00:00','Australia','Sydney','Australia','Uluru','FLIGHT','CAMPING',8,'Explore the heart of Australia! Visit Uluru, experience Aboriginal culture, and discover unique outback wildlife.','[\"travel_image_20.jpg\", \"travel_image_34.jpg\"]','ANY',18,NULL,NULL,'NEW',50,'2025-09-11 20:40:00','2025-09-11 20:40:00',NULL,NULL),(50,'Indian Spiritual Journey','PRIVATE','TRIP','2026-11-01 06:00:00','2026-11-15 20:00:00','India','Delhi','India','Rishikesh','CAR','HOSTEL',6,'Spiritual retreat in the yoga capital of the world. Meditation, yoga classes, and ancient spiritual practices.','[\"travel_image_21.jpg\", \"travel_image_35.jpg\"]','ANY',21,65,'Hindi','NEW',51,'2025-09-11 20:41:00','2025-09-11 20:41:00',NULL,NULL),(51,'American Silicon Valley Tour','PUBLIC','EVENT','2026-10-20 09:00:00','2026-10-27 17:00:00','United States','San Francisco','United States','Palo Alto','CAR','HOTEL',10,'Get inside Silicon Valley! Visit Google, Apple, Facebook headquarters and meet tech industry leaders.','[\"travel_image_22.jpg\", \"travel_image_36.jpg\"]','ANY',24,45,'English','NEW',52,'2025-09-11 20:42:00','2025-09-11 20:42:00',NULL,NULL),(52,'Spanish Flamenco Experience','PUBLIC','SHOW','2026-11-15 19:00:00','2026-11-22 23:00:00','Spain','Madrid','Spain','Seville','RAILWAY','HOTEL',8,'Immerse yourself in passionate flamenco culture! Learn dancing, attend authentic shows, and meet flamenco artists.','[\"travel_image_23.jpg\", \"travel_image_37.jpg\"]','ANY',18,60,'Spanish','NEW',53,'2025-09-11 20:43:00','2025-09-11 20:43:00',NULL,NULL),(53,'Austrian Classical Music','PRIVATE','CONCERT','2026-12-15 18:00:00','2026-12-22 22:00:00','Austria','Vienna','Austria','Salzburg','RAILWAY','HOTEL',6,'Experience Austria\'s musical heritage! Attend concerts in historic venues where Mozart and Beethoven performed.','[\"travel_image_24.jpg\", \"travel_image_38.jpg\"]','ANY',25,70,'German','NEW',54,'2025-09-11 20:44:00','2025-09-11 20:44:00',NULL,NULL),(54,'Taiwan Technology Innovation','PUBLIC','EVENT','2027-01-10 10:00:00','2027-01-17 18:00:00','Taiwan','Taipei','Taiwan','Hsinchu','RAILWAY','HOTEL',12,'Explore Taiwan\'s semiconductor industry! Visit TSMC, tech startups, and innovation centers in Silicon Valley of Asia.','[\"travel_image_25.jpg\", \"travel_image_39.jpg\"]','ANY',22,50,'Chinese','NEW',55,'2025-09-11 20:45:00','2025-09-11 20:45:00',NULL,NULL),(55,'Swiss Alpine Adventure','PUBLIC','SPORTS','2027-02-05 07:00:00','2027-02-12 19:00:00','Switzerland','Zurich','Switzerland','Zermatt','RAILWAY','HOTEL',8,'Ultimate Alpine experience! Skiing, mountaineering, and Swiss hospitality in the shadow of the Matterhorn.','[\"travel_image_26.jpg\", \"travel_image_40.jpg\"]','ANY',20,50,'German','NEW',56,'2025-09-11 20:46:00','2025-09-11 20:46:00',NULL,NULL),(56,'Slovak Medieval Castles','PUBLIC','TRIP','2027-03-15 09:00:00','2027-03-22 17:00:00','Slovakia','Bratislava','Slovakia','Spiš','CAR','HOTEL',6,'Discover Slovakia\'s medieval heritage! Visit ancient castles, fortified towns, and UNESCO World Heritage sites.','[\"travel_image_27.jpg\", \"travel_image_41.jpg\"]','ANY',25,60,'Czech','NEW',57,'2025-09-11 20:47:00','2025-09-11 20:47:00',NULL,NULL),(57,'Danish Renewable Energy Tour','PUBLIC','EVENT','2027-04-12 08:00:00','2027-04-19 17:00:00','Denmark','Copenhagen','Denmark','Esbjerg','CAR','AIRBNB',10,'Learn about Denmark\'s green energy leadership! Visit wind farms, sustainable cities, and environmental research centers.','[\"travel_image_28.jpg\", \"travel_image_42.jpg\"]','ANY',22,55,'Danish','NEW',58,'2025-09-11 20:48:00','2025-09-11 20:48:00',NULL,NULL),(58,'Romanian Medieval Tour','PUBLIC','TRIP','2027-05-08 10:00:00','2027-05-15 18:00:00','Romania','Bucharest','Romania','Transylvania','CAR','HOTEL',8,'Explore mysterious Transylvania! Visit Dracula\'s castle, medieval towns, and discover Romanian folklore and history.','[\"travel_image_29.jpg\", \"travel_image_43.jpg\"]','ANY',18,65,'Romanian','NEW',59,'2025-09-11 20:49:00','2025-09-11 20:49:00',NULL,NULL),(59,'Taylor Swift concert','PUBLIC','CONCERT','2025-10-01 07:00:00','2025-10-02 07:00:00','Canada','Vancouver','Canada','Vancouver','CAR','AIRBNB',3,'Taylor Swift Concert','[\"d84b9cbe-8910-470b-a2a2-f04ce96d9172.jpg\", \"51eb0069-4df7-48f6-877d-a0c725d8ed95.jpg\"]','FEMALE',20,40,'Japanese','COMPLETED',10,'2025-09-29 03:41:14','2025-10-02 21:00:00',NULL,NULL),(60,'2026 FIFA World Cup','PUBLIC','SPORTS','2025-09-29 07:00:00','2025-09-29 21:00:00','Canada','Vancouver','Canada','Vancouver','CAR','AIRBNB',3,'2026 World Cup','[\"a59068d4-f892-4a41-b75b-0486f07370dd.jpg\", \"5da405f5-8fd8-4805-a5a4-06a674ddd14e.jpg\"]','FEMALE',20,40,'Japanese','COMPLETED',110,'2025-09-29 04:22:15','2025-09-29 21:00:00',NULL,NULL),(61,'Family reunion','PRIVATE','FAMILY_TIME','2025-10-01 07:00:00','2025-10-08 07:00:00','China','Tianjin','China','Tianjin','FLIGHT','OTHER',5,'Family time','[\"e0da3845-1c16-4a22-8312-ee0d1271ad9d.jpg\"]','ANY',NULL,NULL,'','CANCELLED',110,'2025-09-29 23:48:38','2025-09-30 00:33:00','2025-09-30 00:33:00','Temp closed'),(62,'Family Reunion','PRIVATE','FAMILY_TIME','2025-10-01 07:00:00','2025-10-01 07:00:00','Canada','Vancouver','China','Tianjin','FLIGHT','HOTEL',2,'Family time','[\"71d78f21-26aa-4e96-852e-0869f465f96d.jpg\", \"4799ae67-9e4a-4489-90db-e4f6dd6b120a.jpg\"]','ANY',NULL,NULL,'','IN_PROGRESS',110,'2025-09-30 00:37:39','2025-10-01 21:00:00',NULL,NULL),(63,'European Art Museums Tour','PUBLIC','EVENT','2025-11-20 08:00:00','2025-11-28 08:00:00','Canada','Vancouver','France','Paris','FLIGHT','HOTEL',5,'Join us for an amazing journey through Europe\'s finest art museums. We\'ll visit the Louvre, Musée d\'Orsay, and many more!','[\"bfd8364b-3253-4665-b67d-82749e9ef4e7.jpg\", \"29997225-5d65-4691-93d2-ea512aefe2ec.jpg\", \"eb6a1d11-d02f-46bd-9f00-581d4cc446b4.jpg\"]','ANY',20,50,'English','COMPLETED',1,'2025-10-11 17:03:07','2025-10-11 17:03:07',NULL,NULL),(64,'Taylor Swift Concert','PRIVATE','CONCERT','2025-10-11 07:00:00','2025-10-11 07:00:00','Canada','Vancouver','Canada','Vancouver','CAR','HOTEL',3,'Taylor Swift is coming!','[]','ANY',NULL,NULL,'','COMPLETED',81,'2025-10-11 18:37:48','2025-10-11 18:49:00',NULL,NULL);
/*!40000 ALTER TABLE `travel_plans` ENABLE KEYS */;
UNLOCK TABLES;

--
-- Table structure for table `user_plan_status`
--

DROP TABLE IF EXISTS `user_plan_status`;
/*!40101 SET @saved_cs_client     = @@character_set_client */;
/*!50503 SET character_set_client = utf8mb4 */;
CREATE TABLE `user_plan_status` (
  `id` bigint NOT NULL AUTO_INCREMENT,
  `accepted_at` datetime(6) DEFAULT NULL,
  `applied_at` datetime(6) DEFAULT NULL,
  `created_at` datetime(6) NOT NULL,
  `invited_at` datetime(6) DEFAULT NULL,
  `refused_at` datetime(6) DEFAULT NULL,
  `response_message` varchar(500) DEFAULT NULL,
  `status` enum('APPLIED','APPLIED_ACCEPTED','APPLIED_CANCELLED','APPLIED_REFUSED','INVITED','INVITED_ACCEPTED','INVITED_REFUSED','OWNED') NOT NULL,
  `updated_at` datetime(6) DEFAULT NULL,
  `travel_plan_id` bigint NOT NULL,
  `user_id` bigint NOT NULL,
  PRIMARY KEY (`id`),
  KEY `FKbh6ge7t4ix283n6d29oidi5tf` (`travel_plan_id`),
  KEY `FK5ii2mnlmk30go8okn4lk952t8` (`user_id`),
  CONSTRAINT `FK5ii2mnlmk30go8okn4lk952t8` FOREIGN KEY (`user_id`) REFERENCES `users` (`id`),
  CONSTRAINT `FKbh6ge7t4ix283n6d29oidi5tf` FOREIGN KEY (`travel_plan_id`) REFERENCES `travel_plans` (`id`)
) ENGINE=InnoDB AUTO_INCREMENT=114 DEFAULT CHARSET=utf8mb4 COLLATE=utf8mb4_0900_ai_ci;
/*!40101 SET character_set_client = @saved_cs_client */;

--
-- Dumping data for table `user_plan_status`
--

LOCK TABLES `user_plan_status` WRITE;
/*!40000 ALTER TABLE `user_plan_status` DISABLE KEYS */;
INSERT INTO `user_plan_status` VALUES (1,NULL,NULL,'2025-08-21 23:31:50.367712',NULL,NULL,NULL,'OWNED',NULL,8,2),(3,NULL,NULL,'2025-07-21 23:22:43.786142',NULL,NULL,NULL,'OWNED',NULL,3,1),(4,NULL,NULL,'2025-07-22 05:23:38.208687',NULL,NULL,NULL,'OWNED',NULL,4,5),(5,NULL,NULL,'2025-08-08 04:30:26.222781',NULL,NULL,NULL,'OWNED',NULL,5,4),(7,NULL,NULL,'2025-08-20 01:35:49.494378',NULL,NULL,NULL,'OWNED',NULL,7,3),(8,'2025-08-21 23:32:13.939614',NULL,'2025-08-21 23:31:50.367712','2025-08-21 23:31:50.367712',NULL,NULL,'INVITED_ACCEPTED','2025-08-21 23:32:13.941614',8,7),(9,'2025-08-21 23:32:13.939614','2025-08-21 23:31:50.367712','2025-08-21 23:31:50.367712',NULL,NULL,NULL,'INVITED','2025-08-21 23:32:13.941614',8,8),(10,NULL,NULL,'2025-08-21 23:20:23.888062','2025-08-21 23:20:23.888062','2025-08-21 23:20:50.496846',NULL,'INVITED','2025-08-21 23:20:50.500851',7,2),(13,'2025-08-21 23:32:13.939614',NULL,'2025-08-21 23:31:50.367712','2025-08-21 23:31:50.367712',NULL,NULL,'INVITED','2025-08-21 23:32:13.941614',7,6),(16,NULL,NULL,'2025-09-11 20:00:00.000000',NULL,NULL,NULL,'OWNED',NULL,9,10),(17,NULL,NULL,'2025-09-11 20:01:00.000000',NULL,NULL,NULL,'OWNED',NULL,10,11),(18,NULL,NULL,'2025-09-11 20:02:00.000000',NULL,NULL,NULL,'OWNED',NULL,11,12),(19,NULL,NULL,'2025-09-11 20:03:00.000000',NULL,NULL,NULL,'OWNED',NULL,12,13),(20,NULL,NULL,'2025-09-11 20:04:00.000000',NULL,NULL,NULL,'OWNED',NULL,13,14),(21,NULL,NULL,'2025-09-11 20:05:00.000000',NULL,NULL,NULL,'OWNED',NULL,14,15),(22,NULL,NULL,'2025-09-11 20:06:00.000000',NULL,NULL,NULL,'OWNED',NULL,15,16),(23,NULL,NULL,'2025-09-11 20:07:00.000000',NULL,NULL,NULL,'OWNED',NULL,16,17),(24,NULL,NULL,'2025-09-11 20:08:00.000000',NULL,NULL,NULL,'OWNED',NULL,17,18),(25,NULL,NULL,'2025-09-11 20:09:00.000000',NULL,NULL,NULL,'OWNED',NULL,18,19),(26,NULL,NULL,'2025-09-11 20:10:00.000000',NULL,NULL,NULL,'OWNED',NULL,19,20),(27,NULL,NULL,'2025-09-11 20:11:00.000000',NULL,NULL,NULL,'OWNED',NULL,20,21),(28,NULL,NULL,'2025-09-11 20:12:00.000000',NULL,NULL,NULL,'INVITED',NULL,21,22),(29,NULL,NULL,'2025-09-11 20:13:00.000000',NULL,NULL,NULL,'OWNED',NULL,22,23),(30,NULL,NULL,'2025-09-11 20:14:00.000000',NULL,NULL,NULL,'OWNED',NULL,23,24),(31,NULL,NULL,'2025-09-11 20:15:00.000000',NULL,NULL,NULL,'OWNED',NULL,24,25),(32,NULL,NULL,'2025-09-11 20:16:00.000000',NULL,NULL,NULL,'OWNED',NULL,25,26),(33,NULL,NULL,'2025-09-11 20:17:00.000000',NULL,NULL,NULL,'OWNED',NULL,26,27),(34,NULL,NULL,'2025-09-11 20:18:00.000000',NULL,NULL,NULL,'OWNED',NULL,27,28),(35,NULL,NULL,'2025-09-11 20:19:00.000000',NULL,NULL,NULL,'OWNED',NULL,28,29),(36,NULL,NULL,'2025-09-11 20:20:00.000000',NULL,NULL,NULL,'OWNED',NULL,29,30),(37,NULL,NULL,'2025-09-11 20:21:00.000000',NULL,NULL,NULL,'OWNED',NULL,30,31),(38,NULL,NULL,'2025-09-11 20:22:00.000000',NULL,NULL,NULL,'OWNED',NULL,31,32),(39,NULL,NULL,'2025-09-11 20:23:00.000000',NULL,NULL,NULL,'OWNED',NULL,32,33),(40,NULL,NULL,'2025-09-11 20:24:00.000000',NULL,NULL,NULL,'OWNED',NULL,33,34),(41,NULL,NULL,'2025-09-11 20:25:00.000000',NULL,NULL,NULL,'OWNED',NULL,34,35),(42,NULL,NULL,'2025-09-11 20:26:00.000000',NULL,NULL,NULL,'OWNED',NULL,35,36),(43,NULL,NULL,'2025-09-11 20:27:00.000000',NULL,NULL,NULL,'OWNED',NULL,36,37),(44,NULL,NULL,'2025-09-11 20:28:00.000000',NULL,NULL,NULL,'OWNED',NULL,37,38),(45,NULL,NULL,'2025-09-11 20:29:00.000000',NULL,NULL,NULL,'OWNED',NULL,38,39),(46,NULL,NULL,'2025-09-11 20:30:00.000000',NULL,NULL,NULL,'OWNED',NULL,39,40),(47,NULL,NULL,'2025-09-11 20:31:00.000000',NULL,NULL,NULL,'OWNED',NULL,40,41),(48,NULL,NULL,'2025-09-11 20:32:00.000000',NULL,NULL,NULL,'OWNED',NULL,41,42),(49,NULL,NULL,'2025-09-11 20:33:00.000000',NULL,NULL,NULL,'OWNED',NULL,42,43),(50,NULL,NULL,'2025-09-11 20:34:00.000000',NULL,NULL,NULL,'OWNED',NULL,43,44),(51,NULL,NULL,'2025-09-11 20:35:00.000000',NULL,NULL,NULL,'OWNED',NULL,44,45),(52,NULL,NULL,'2025-09-11 20:36:00.000000',NULL,NULL,NULL,'OWNED',NULL,45,46),(53,NULL,NULL,'2025-09-11 20:37:00.000000',NULL,NULL,NULL,'OWNED',NULL,46,47),(54,NULL,NULL,'2025-09-11 20:38:00.000000',NULL,NULL,NULL,'OWNED',NULL,47,48),(55,NULL,NULL,'2025-09-11 20:39:00.000000',NULL,NULL,NULL,'OWNED',NULL,48,49),(56,NULL,NULL,'2025-09-11 20:40:00.000000',NULL,NULL,NULL,'OWNED',NULL,49,50),(57,NULL,NULL,'2025-09-11 20:41:00.000000',NULL,NULL,NULL,'OWNED',NULL,50,51),(58,NULL,NULL,'2025-09-11 20:42:00.000000',NULL,NULL,NULL,'OWNED',NULL,51,52),(59,NULL,NULL,'2025-09-11 20:43:00.000000',NULL,NULL,NULL,'OWNED',NULL,52,53),(60,NULL,NULL,'2025-09-11 20:44:00.000000',NULL,NULL,NULL,'OWNED',NULL,53,54),(61,NULL,NULL,'2025-09-11 20:45:00.000000',NULL,NULL,NULL,'OWNED',NULL,54,55),(62,NULL,NULL,'2025-09-11 20:46:00.000000',NULL,NULL,NULL,'OWNED',NULL,55,56),(63,NULL,NULL,'2025-09-11 20:47:00.000000',NULL,NULL,NULL,'OWNED',NULL,56,57),(64,NULL,NULL,'2025-09-11 20:48:00.000000',NULL,NULL,NULL,'OWNED',NULL,57,58),(65,NULL,NULL,'2025-09-11 20:49:00.000000',NULL,NULL,NULL,'OWNED',NULL,58,59),(66,NULL,'2025-09-11 21:29:54.569523','2025-09-11 21:29:54.569523',NULL,NULL,NULL,'INVITED',NULL,39,60),(67,NULL,'2025-09-11 21:30:34.270905','2025-09-11 21:30:34.270905',NULL,'2025-09-11 21:33:12.710486',NULL,'INVITED','2025-09-11 21:33:12.714487',9,61),(68,'2025-09-11 22:04:12.272803','2025-09-11 21:37:08.340304','2025-09-11 21:37:08.340304',NULL,'2025-09-12 21:39:08.138361',NULL,'INVITED','2025-09-12 21:39:08.267737',9,62),(69,NULL,NULL,'2025-09-11 21:37:26.863063','2025-09-11 21:37:26.863063','2025-09-12 21:25:26.206019',NULL,'INVITED_ACCEPTED','2025-09-12 21:25:26.216540',9,63),(70,'2025-09-12 21:24:38.690297','2025-09-11 21:48:28.058711','2025-09-11 21:48:28.058711',NULL,'2025-09-12 21:26:49.355559',NULL,'INVITED','2025-09-12 21:26:49.367074',9,64),(72,'2025-09-12 21:29:26.918724',NULL,'2025-09-11 22:10:41.709270','2025-09-11 22:10:41.709270',NULL,NULL,'INVITED_ACCEPTED','2025-09-12 21:29:26.920231',9,65),(73,'2025-09-12 21:11:03.860457',NULL,'2025-09-11 22:49:24.831415','2025-09-11 22:49:24.831415',NULL,NULL,'APPLIED_ACCEPTED','2025-09-12 21:11:03.861456',9,66),(74,'2025-09-12 21:10:13.560165',NULL,'2025-09-11 22:49:34.054896','2025-09-11 22:49:34.054896','2025-09-12 21:39:08.440554',NULL,'INVITED_ACCEPTED','2025-09-12 21:39:08.453077',9,67),(75,'2025-09-12 21:26:49.345526',NULL,'2025-09-11 22:50:01.319736','2025-09-11 22:50:01.319736','2025-09-12 21:25:26.206019',NULL,'INVITED','2025-09-12 21:26:49.345526',9,68),(76,'2025-09-12 21:25:26.195503','2025-09-11 22:50:51.603204','2025-09-11 22:50:51.603204',NULL,'2025-09-12 21:39:08.466114',NULL,'APPLIED_ACCEPTED','2025-09-12 21:39:08.478634',9,69),(77,'2025-09-12 21:09:48.699990','2025-09-11 22:51:34.631652','2025-09-11 22:51:34.631652',NULL,NULL,NULL,'INVITED','2025-09-12 21:09:48.701498',9,70),(78,NULL,NULL,'2025-09-12 21:10:44.077191','2025-09-12 21:10:44.077191','2025-09-12 21:11:30.800240',NULL,'INVITED','2025-09-12 21:11:30.811770',9,71),(79,'2025-09-12 21:50:30.322107','2025-09-12 21:49:57.079201','2025-09-12 21:49:57.079201',NULL,NULL,NULL,'INVITED_ACCEPTED','2025-09-12 21:50:30.322633',22,72),(80,NULL,'2025-09-12 22:22:51.303705','2025-09-12 22:22:51.301705',NULL,'2025-09-12 22:23:22.188349',NULL,'INVITED','2025-09-12 22:23:22.191358',19,75),(81,'2025-09-12 22:38:30.839964','2025-09-12 22:33:14.134691','2025-09-12 22:33:14.132690',NULL,NULL,NULL,'INVITED','2025-09-12 22:38:30.841554',21,65),(82,NULL,'2025-09-12 22:41:02.303405','2025-09-12 22:41:02.303405',NULL,NULL,NULL,'INVITED',NULL,22,65),(92,NULL,NULL,'2025-09-29 03:41:14.345784',NULL,NULL,NULL,'OWNED',NULL,59,10),(93,NULL,NULL,'2025-09-29 04:22:15.048391',NULL,NULL,NULL,'OWNED',NULL,60,110),(98,'2025-09-29 04:46:06.634334',NULL,'2025-09-29 04:45:59.050063','2025-09-29 04:45:59.050063',NULL,NULL,'INVITED_ACCEPTED','2025-09-29 04:46:06.634334',60,1),(99,'2025-09-29 04:52:50.280903','2025-09-29 04:52:41.951149','2025-09-29 04:52:41.951149',NULL,NULL,NULL,'INVITED','2025-09-29 04:52:50.281407',60,111),(100,NULL,NULL,'2025-09-29 23:48:37.986935',NULL,NULL,NULL,'OWNED',NULL,61,110),(101,NULL,NULL,'2025-09-29 23:49:11.635148','2025-09-29 23:49:11.635148','2025-09-30 00:32:59.679362',NULL,'INVITED','2025-09-30 00:32:59.682864',61,111),(102,NULL,NULL,'2025-09-30 00:37:39.454906',NULL,NULL,NULL,'OWNED',NULL,62,110),(104,'2025-10-01 20:16:25.163956',NULL,'2025-09-30 00:49:58.826158','2025-09-30 00:49:58.826158','2025-09-30 05:32:41.683372',NULL,'APPLIED_ACCEPTED','2025-10-01 20:16:25.164968',62,111),(105,'2025-09-30 05:32:41.661858',NULL,'2025-09-30 00:53:44.578678','2025-09-30 00:53:44.578678','2025-10-01 20:16:25.179905',NULL,'INVITED_REFUSED','2025-10-01 20:16:25.184409',62,1),(106,NULL,NULL,'2025-09-30 05:29:08.216300','2025-09-30 05:29:08.216300','2025-09-30 05:35:22.862231',NULL,'APPLIED_REFUSED','2025-09-30 05:35:22.866229',62,108),(107,NULL,NULL,'2025-10-11 17:03:07.388298',NULL,NULL,NULL,'OWNED',NULL,63,1),(108,'2025-10-11 17:24:09.739652',NULL,'2025-10-11 17:05:48.685324','2025-10-11 17:05:48.685324',NULL,NULL,'INVITED_ACCEPTED','2025-10-11 17:24:09.739652',63,80),(109,'2025-10-11 17:24:35.981222',NULL,'2025-10-11 17:06:51.458910','2025-10-11 17:06:51.458910',NULL,NULL,'INVITED_ACCEPTED','2025-10-11 17:24:35.982224',63,81),(110,'2025-10-11 17:22:42.855948','2025-10-11 17:17:15.562031','2025-10-11 17:17:15.562031',NULL,NULL,NULL,'APPLIED_ACCEPTED','2025-10-11 17:22:42.855948',63,102),(111,'2025-10-11 17:22:43.936011','2025-10-11 17:20:57.349209','2025-10-11 17:20:57.349209',NULL,NULL,NULL,'APPLIED_ACCEPTED','2025-10-11 17:22:43.936011',63,105),(112,NULL,NULL,'2025-10-11 18:37:47.778636',NULL,NULL,NULL,'OWNED',NULL,64,81),(113,NULL,NULL,'2025-10-11 18:38:40.494102','2025-10-11 18:38:40.494102','2025-10-11 18:42:00.016944',NULL,'INVITED_ACCEPTED','2025-10-11 18:42:00.019961',64,1);
/*!40000 ALTER TABLE `user_plan_status` ENABLE KEYS */;
UNLOCK TABLES;

--
-- Table structure for table `users`
--

DROP TABLE IF EXISTS `users`;
/*!40101 SET @saved_cs_client     = @@character_set_client */;
/*!50503 SET character_set_client = utf8mb4 */;
CREATE TABLE `users` (
  `id` bigint NOT NULL AUTO_INCREMENT,
  `email` varchar(255) NOT NULL,
  `password` varchar(255) NOT NULL,
  `first_name` varchar(255) NOT NULL,
  `last_name` varchar(255) NOT NULL,
  `gender` varchar(20) NOT NULL,
  `birth_year` int NOT NULL,
  `birth_month` int NOT NULL,
  `phone_number` varchar(255) DEFAULT NULL,
  `language` varchar(255) NOT NULL,
  `city` varchar(255) NOT NULL,
  `country` varchar(255) NOT NULL,
  `profile_picture` varchar(255) DEFAULT NULL,
  `bio` varchar(1000) DEFAULT NULL,
  `created_at` datetime NOT NULL,
  `updated_at` datetime DEFAULT NULL,
  `last_login` datetime DEFAULT NULL,
  `is_active` tinyint(1) NOT NULL DEFAULT '1',
  `role` varchar(20) NOT NULL DEFAULT 'USER',
  PRIMARY KEY (`id`),
  UNIQUE KEY `email` (`email`),
  KEY `idx_email` (`email`),
  KEY `idx_city` (`city`),
  KEY `idx_country` (`country`),
  KEY `idx_language` (`language`),
  KEY `idx_gender` (`gender`),
  KEY `idx_birth_year` (`birth_year`),
  KEY `idx_is_active` (`is_active`),
  KEY `idx_created_at` (`created_at`)
) ENGINE=InnoDB AUTO_INCREMENT=112 DEFAULT CHARSET=utf8mb4 COLLATE=utf8mb4_0900_ai_ci;
/*!40101 SET character_set_client = @saved_cs_client */;

--
-- Dumping data for table `users`
--

LOCK TABLES `users` WRITE;
/*!40000 ALTER TABLE `users` DISABLE KEYS */;
INSERT INTO `users` VALUES (1,'liangli5100@gmail.com','$2a$10$JHJq1.bOzrS13AMSdD8bQO4AmJaUPExZKnNGmE5DY5f96n9LTLIgi','Liang','Li','MALE',1985,7,'+1-778-318-0642','English','Burnaby','Canada','profile_001.jpg','I love traveling and meeting new people!','2025-07-08 01:22:22','2025-10-11 18:34:59','2025-10-11 18:34:59',1,'USER'),(2,'weinaxu1986@hotmail.com','$2a$10$oPnUQN1rzr6r1yMffspe2OVj/ZUhra9MTfsNqgC.91PqCGY6l9N82','Fiona','Xu','FEMALE',1986,4,'7783183692','English','Burnaby','Canada','profile_002.jpg','Hello','2025-07-08 05:10:30','2025-09-28 21:44:04','2025-09-28 21:44:04',1,'USER'),(3,'test1@gmail.com','$2a$10$/z.HWHuaTKnko0riB073PuWX82gIuaqxeoZ5HPYQ2.rUrMfmxx.m6','test1','test1','MALE',1919,5,'1234','Swedish','test','France','profile_003.jpg','','2025-07-09 23:56:07','2025-09-11 23:53:26','2025-09-11 23:53:26',1,'USER'),(4,'test2@gmail.com','$2a$10$uW3CHDAWsyUtdtqhHEFJpeQTgFoyNI4vmjtzYjhmG.wFgNjbZxG/e','Test223','User223','MALE',1956,9,'77890433122','Spanish','te','Mexico','profile_004.jpg','erwerew1111','2025-07-10 00:00:04','2025-09-11 23:09:09','2025-09-11 23:09:09',1,'USER'),(5,'test3@gmail.com','$2a$10$XFjX.jVANaimQhl4tCDKlez.P5JwPfZofCJgcvtt01IWw5OqqRg8O','Test3','Test3','FEMALE',1996,9,'7985610002','Korean','Paris','France','profile_005.jpg','test3test3test3test3test3test3test3test3test3test3test3test3test3test3\nhaha yes','2025-07-10 21:27:46','2025-08-08 04:22:49','2025-08-08 04:22:49',1,'USER'),(6,'test4@gmail.com','$2a$10$oPnUQN1rzr6r1yMffspe2OVj/ZUhra9MTfsNqgC.91PqCGY6l9N82','Test4','Test4','MALE',1975,3,'6045562323','English','Tokyo','Japan','profile_006.jpg','Good!','2025-07-11 23:11:12','2025-09-11 23:53:50','2025-09-11 23:53:50',1,'USER'),(7,'test5@gmail.com','$2a$10$Ynn1fU7mPiAAJNPyPXIX1eGx3EKr9b8LAkAPbb/J/6gBKjMcElf3y','Test5','Test','MALE',2000,1,'7789872000','French','Montreal','Canada','profile_007.jpg','I\'m from Montreal, Hello everyone','2025-08-23 01:26:33','2025-09-12 01:22:49','2025-09-12 01:22:49',1,'USER'),(8,'test6@gmail.com','$2a$10$oztKYOQbG5owJ81E.P8NL.Hkz35.PaFgMqeQhexLL/zDhbZAhGTzm','Test6','Test6','MALE',2002,6,'7786004567','German','Berlin','Germany','profile_008.jpg','Hi there','2025-08-25 01:22:01','2025-09-11 23:27:41','2025-09-11 23:27:41',1,'USER'),(9,'test7@gmail.com','$2a$10$s5R2xtcqXpkOrs08HMDfXuvj1LFXZUvH478qELNSie5VHZXBMAT2W','Test7','Test','MALE',1960,4,'7789996688','Japanese','Tokyo','Japan','profile_009.jpg','Hello, I\'m from Japan?','2025-09-11 17:37:02',NULL,NULL,1,'USER'),(10,'test10@gmail.com','$2a$10$s5R2xtcqXpkOrs08HMDfXuvj1LFXZUvH478qELNSie5VHZXBMAT2W','Alice','Johnson','FEMALE',1995,3,'+1-555-001-0001','English','New York','United States','profile_010.jpg','Love exploring new cultures and cuisines!','2025-09-11 18:00:00','2025-09-28 21:44:33','2025-09-28 21:44:33',1,'USER'),(11,'test11@gmail.com','$2a$10$s5R2xtcqXpkOrs08HMDfXuvj1LFXZUvH478qELNSie5VHZXBMAT2W','Bob','Smith','MALE',1988,7,'+1-555-001-0002','Spanish','Los Angeles','United States','profile_011.jpg','Adventure seeker and photography enthusiast.','2025-09-11 18:01:00',NULL,NULL,1,'USER'),(12,'test12@gmail.com','$2a$10$s5R2xtcqXpkOrs08HMDfXuvj1LFXZUvH478qELNSie5VHZXBMAT2W','Carlos','Rodriguez','MALE',1992,11,'+1-555-001-0003','Spanish','Madrid','Spain','profile_012.jpg','Passionate about sports and outdoor activities.','2025-09-11 18:02:00',NULL,NULL,1,'USER'),(13,'test13@gmail.com','$2a$10$s5R2xtcqXpkOrs08HMDfXuvj1LFXZUvH478qELNSie5VHZXBMAT2W','Diana','Martin','FEMALE',1985,5,'+33-1-23-45-67-89','French','Paris','France','profile_013.jpg','Artist and world traveler from Paris.','2025-09-11 18:03:00',NULL,NULL,1,'USER'),(14,'test14@gmail.com','$2a$10$s5R2xtcqXpkOrs08HMDfXuvj1LFXZUvH478qELNSie5VHZXBMAT2W','Erik','Mueller','MALE',1990,9,'+49-30-12345678','German','Berlin','Germany','profile_014.jpg','Tech professional who loves hiking.','2025-09-11 18:04:00',NULL,NULL,1,'USER'),(15,'test15@gmail.com','$2a$10$s5R2xtcqXpkOrs08HMDfXuvj1LFXZUvH478qELNSie5VHZXBMAT2W','Francesca','Rossi','FEMALE',1987,12,'+39-06-12345678','Italian','Rome','Italy','profile_015.jpg','Food lover and cooking enthusiast.','2025-09-11 18:05:00',NULL,NULL,1,'USER'),(16,'test16@gmail.com','$2a$10$s5R2xtcqXpkOrs08HMDfXuvj1LFXZUvH478qELNSie5VHZXBMAT2W','Gabriel','Silva','MALE',1993,2,'+55-11-98765-4321','Portuguese','São Paulo','Brazil','profile_016.jpg','Music producer and concert enthusiast.','2025-09-11 18:06:00',NULL,NULL,1,'USER'),(17,'test17@gmail.com','$2a$10$s5R2xtcqXpkOrs08HMDfXuvj1LFXZUvH478qELNSie5VHZXBMAT2W','Hiroshi','Tanaka','MALE',1991,6,'+81-3-1234-5678','Japanese','Tokyo','Japan','profile_017.jpg','Software engineer who enjoys anime and gaming.','2025-09-11 18:07:00',NULL,NULL,1,'USER'),(18,'test18@gmail.com','$2a$10$s5R2xtcqXpkOrs08HMDfXuvj1LFXZUvH478qELNSie5VHZXBMAT2W','Isabella','Wilson','FEMALE',1989,8,'+1-555-001-0008','English','Toronto','Canada','profile_018.jpg','Nature photographer and environmental activist.','2025-09-11 18:08:00',NULL,NULL,1,'USER'),(19,'test19@gmail.com','$2a$10$s5R2xtcqXpkOrs08HMDfXuvj1LFXZUvH478qELNSie5VHZXBMAT2W','Jakob','Andersen','MALE',1986,4,'+45-12-34-56-78','Danish','Copenhagen','Denmark','profile_019.jpg','Architect with passion for sustainable design.','2025-09-11 18:09:00',NULL,NULL,1,'USER'),(20,'test20@gmail.com','$2a$10$s5R2xtcqXpkOrs08HMDfXuvj1LFXZUvH478qELNSie5VHZXBMAT2W','Katerina','Petrov','FEMALE',1994,10,'+7-495-123-45-67','Russian','Moscow','Russia','profile_020.jpg','Ballet dancer and cultural enthusiast.','2025-09-11 18:10:00','2025-09-12 22:23:15','2025-09-12 22:23:15',1,'USER'),(21,'test21@gmail.com','$2a$10$s5R2xtcqXpkOrs08HMDfXuvj1LFXZUvH478qELNSie5VHZXBMAT2W','Lucas','Dubois','MALE',1983,1,'+33-1-98-76-54-32','French','Lyon','France','profile_021.jpg','Chef specializing in international cuisine.','2025-09-11 18:11:00',NULL,NULL,1,'USER'),(22,'test22@gmail.com','$2a$10$s5R2xtcqXpkOrs08HMDfXuvj1LFXZUvH478qELNSie5VHZXBMAT2W','Maria','Santos','FEMALE',1996,7,'+351-21-123-4567','Portuguese','Lisbon','Portugal','profile_022.jpg','Marine biologist who loves ocean conservation.','2025-09-11 18:12:00','2025-09-12 22:30:06','2025-09-12 22:30:06',1,'USER'),(23,'test23@gmail.com','$2a$10$s5R2xtcqXpkOrs08HMDfXuvj1LFXZUvH478qELNSie5VHZXBMAT2W','Niklas','Eriksson','MALE',1988,11,'+46-8-123-456-78','Swedish','Stockholm','Sweden','profile_023.jpg','Game developer and esports enthusiast.','2025-09-11 18:13:00','2025-09-12 22:40:25','2025-09-12 22:40:25',1,'USER'),(24,'test24@gmail.com','$2a$10$s5R2xtcqXpkOrs08HMDfXuvj1LFXZUvH478qELNSie5VHZXBMAT2W','Olga','Kowalski','FEMALE',1992,3,'+48-22-123-45-67','Polish','Warsaw','Poland','profile_024.jpg','Medical student interested in global health.','2025-09-11 18:14:00',NULL,NULL,1,'USER'),(25,'test25@gmail.com','$2a$10$s5R2xtcqXpkOrs08HMDfXuvj1LFXZUvH478qELNSie5VHZXBMAT2W','Pavel','Novak','MALE',1984,9,'+420-2-1234-5678','Czech','Prague','Czech Republic','profile_025.jpg','History professor and museum curator.','2025-09-11 18:15:00',NULL,NULL,1,'USER'),(26,'test26@gmail.com','$2a$10$s5R2xtcqXpkOrs08HMDfXuvj1LFXZUvH478qELNSie5VHZXBMAT2W','Qing','Li','FEMALE',1995,6,'+86-10-1234-5678','Chinese','Beijing','China','profile_026.jpg','AI researcher and technology innovator.','2025-09-11 18:16:00',NULL,NULL,1,'USER'),(27,'test27@gmail.com','$2a$10$s5R2xtcqXpkOrs08HMDfXuvj1LFXZUvH478qELNSie5VHZXBMAT2W','Ravi','Sharma','MALE',1987,12,'+91-11-2345-6789','Hindi','Mumbai','India','profile_027.jpg','Film director passionate about storytelling.','2025-09-11 18:17:00',NULL,NULL,1,'USER'),(28,'test28@gmail.com','$2a$10$s5R2xtcqXpkOrs08HMDfXuvj1LFXZUvH478qELNSie5VHZXBMAT2W','Sofia','Popov','FEMALE',1990,2,'+359-2-123-4567','Bulgarian','Sofia','Bulgaria','profile_028.jpg','Journalist covering international affairs.','2025-09-11 18:18:00',NULL,NULL,1,'USER'),(29,'test29@gmail.com','$2a$10$s5R2xtcqXpkOrs08HMDfXuvj1LFXZUvH478qELNSie5VHZXBMAT2W','Tariq','Al-Hassan','MALE',1985,8,'+971-4-123-4567','Arabic','Dubai','United Arab Emirates','profile_029.jpg','Business consultant in renewable energy.','2025-09-11 18:19:00',NULL,NULL,1,'USER'),(30,'test30@gmail.com','$2a$10$s5R2xtcqXpkOrs08HMDfXuvj1LFXZUvH478qELNSie5VHZXBMAT2W','Uma','Nakamura','FEMALE',1993,5,'+81-6-7890-1234','Japanese','Osaka','Japan','profile_030.jpg','Fashion designer with sustainable focus.','2025-09-11 18:20:00',NULL,NULL,1,'USER'),(31,'test31@gmail.com','$2a$10$s5R2xtcqXpkOrs08HMDfXuvj1LFXZUvH478qELNSie5VHZXBMAT2W','Viktor','Nagy','MALE',1989,11,'+36-1-234-5678','Hungarian','Budapest','Hungary','profile_031.jpg','Musician and composer of classical music.','2025-09-11 18:21:00',NULL,NULL,1,'USER'),(32,'test32@gmail.com','$2a$10$s5R2xtcqXpkOrs08HMDfXuvj1LFXZUvH478qELNSie5VHZXBMAT2W','Wendy','Van Der Berg','FEMALE',1991,4,'+31-20-123-4567','Dutch','Amsterdam','Netherlands','profile_032.jpg','Urban planner focused on green cities.','2025-09-11 18:22:00',NULL,NULL,1,'USER'),(33,'test33@gmail.com','$2a$10$s5R2xtcqXpkOrs08HMDfXuvj1LFXZUvH478qELNSie5VHZXBMAT2W','Xavier','Larsson','MALE',1986,7,'+46-31-234-5678','Swedish','Gothenburg','Sweden','profile_033.jpg','Marine engineer specializing in offshore wind.','2025-09-11 18:23:00',NULL,NULL,1,'USER'),(34,'test34@gmail.com','$2a$10$s5R2xtcqXpkOrs08HMDfXuvj1LFXZUvH478qELNSie5VHZXBMAT2W','Yuki','Park','FEMALE',1994,10,'+82-2-1234-5678','Korean','Seoul','South Korea','profile_034.jpg','K-pop producer and sound engineer.','2025-09-11 18:24:00',NULL,NULL,1,'USER'),(35,'test35@gmail.com','$2a$10$s5R2xtcqXpkOrs08HMDfXuvj1LFXZUvH478qELNSie5VHZXBMAT2W','Zara','Dimitrov','FEMALE',1987,1,'+30-21-1234-5678','Greek','Athens','Greece','profile_035.jpg','Archaeologist specializing in ancient civilizations.','2025-09-11 18:25:00',NULL,NULL,1,'USER'),(36,'test36@gmail.com','$2a$10$s5R2xtcqXpkOrs08HMDfXuvj1LFXZUvH478qELNSie5VHZXBMAT2W','Aaron','Thompson','MALE',1992,6,'+44-20-7946-0958','English','London','United Kingdom','profile_036.jpg','Financial analyst with travel addiction.','2025-09-11 18:26:00',NULL,NULL,1,'USER'),(37,'test37@gmail.com','$2a$10$s5R2xtcqXpkOrs08HMDfXuvj1LFXZUvH478qELNSie5VHZXBMAT2W','Bianca','Costa','FEMALE',1988,9,'+351-22-987-6543','Portuguese','Porto','Portugal','profile_037.jpg','Wine sommelier and culinary expert.','2025-09-11 18:27:00',NULL,NULL,1,'USER'),(38,'test38@gmail.com','$2a$10$s5R2xtcqXpkOrs08HMDfXuvj1LFXZUvH478qELNSie5VHZXBMAT2W','Chen','Wong','MALE',1985,3,'+852-9876-5432','Chinese','Hong Kong','China','profile_038.jpg','Investment banker and martial arts practitioner.','2025-09-11 18:28:00',NULL,NULL,1,'USER'),(39,'test39@gmail.com','$2a$10$s5R2xtcqXpkOrs08HMDfXuvj1LFXZUvH478qELNSie5VHZXBMAT2W','Daria','Volkov','FEMALE',1990,12,'+7-812-345-6789','Russian','St. Petersburg','Russia','profile_039.jpg','Classical pianist and music teacher.','2025-09-11 18:29:00',NULL,NULL,1,'USER'),(40,'test40@gmail.com','$2a$10$s5R2xtcqXpkOrs08HMDfXuvj1LFXZUvH478qELNSie5VHZXBMAT2W','Ethan','Miller','MALE',1993,5,'+1-555-001-0040','English','Chicago','United States','profile_040.jpg','Data scientist and machine learning enthusiast.','2025-09-11 18:30:00',NULL,NULL,1,'USER'),(41,'test41@gmail.com','$2a$10$s5R2xtcqXpkOrs08HMDfXuvj1LFXZUvH478qELNSie5VHZXBMAT2W','Fatima','Al-Zahra','FEMALE',1987,8,'+20-2-1234-5678','Arabic','Cairo','Egypt','profile_041.jpg','Renewable energy engineer and climate activist.','2025-09-11 18:31:00',NULL,NULL,1,'USER'),(42,'test42@gmail.com','$2a$10$s5R2xtcqXpkOrs08HMDfXuvj1LFXZUvH478qELNSie5VHZXBMAT2W','Giuseppe','Ferrari','MALE',1984,11,'+39-02-8765-4321','Italian','Milan','Italy','profile_042.jpg','Fashion photographer and visual artist.','2025-09-11 18:32:00',NULL,NULL,1,'USER'),(43,'test43@gmail.com','$2a$10$s5R2xtcqXpkOrs08HMDfXuvj1LFXZUvH478qELNSie5VHZXBMAT2W','Helena','Andersson','FEMALE',1991,2,'+46-40-345-6789','Swedish','Malmö','Sweden','profile_043.jpg','Environmental scientist studying climate change.','2025-09-11 18:33:00',NULL,NULL,1,'USER'),(44,'test44@gmail.com','$2a$10$s5R2xtcqXpkOrs08HMDfXuvj1LFXZUvH478qELNSie5VHZXBMAT2W','Ivan','Petrov','MALE',1989,7,'+359-32-456-7890','Bulgarian','Plovdiv','Bulgaria','profile_044.jpg','Software architect and blockchain developer.','2025-09-11 18:34:00',NULL,NULL,1,'USER'),(45,'test45@gmail.com','$2a$10$s5R2xtcqXpkOrs08HMDfXuvj1LFXZUvH478qELNSie5VHZXBMAT2W','Jasmine','Patel','FEMALE',1995,4,'+91-22-5678-9012','Hindi','New Delhi','India','profile_045.jpg','Biotechnology researcher and startup founder.','2025-09-11 18:35:00',NULL,NULL,1,'USER'),(46,'test46@gmail.com','$2a$10$s5R2xtcqXpkOrs08HMDfXuvj1LFXZUvH478qELNSie5VHZXBMAT2W','Klaus','Weber','MALE',1986,10,'+49-89-234-5678','German','Munich','Germany','profile_046.jpg','Automotive engineer working on electric vehicles.','2025-09-11 18:36:00',NULL,NULL,1,'USER'),(47,'test47@gmail.com','$2a$10$s5R2xtcqXpkOrs08HMDfXuvj1LFXZUvH478qELNSie5VHZXBMAT2W','Lila','Hernandez','FEMALE',1992,1,'+52-55-3456-7890','Spanish','Mexico City','Mexico','profile_047.jpg','Graphic designer and digital artist.','2025-09-11 18:37:00',NULL,NULL,1,'USER'),(48,'test48@gmail.com','$2a$10$s5R2xtcqXpkOrs08HMDfXuvj1LFXZUvH478qELNSie5VHZXBMAT2W','Magnus','Olsen','MALE',1988,6,'+47-22-567-8901','Norwegian','Oslo','Norway','profile_048.jpg','Marine biologist specializing in Arctic research.','2025-09-11 18:38:00',NULL,NULL,1,'USER'),(49,'test49@gmail.com','$2a$10$s5R2xtcqXpkOrs08HMDfXuvj1LFXZUvH478qELNSie5VHZXBMAT2W','Nina','Johansson','FEMALE',1985,9,'+358-9-678-9012','Finnish','Helsinki','Finland','profile_049.jpg','Game designer and virtual reality developer.','2025-09-11 18:39:00',NULL,NULL,1,'USER'),(50,'test50@gmail.com','$2a$10$s5R2xtcqXpkOrs08HMDfXuvj1LFXZUvH478qELNSie5VHZXBMAT2W','Oliver','Brown','MALE',1990,3,'+61-2-7890-1234','English','Sydney','Australia','profile_050.jpg','Marine conservation expert and scuba instructor.','2025-09-11 18:40:00',NULL,NULL,1,'USER'),(51,'test51@gmail.com','$2a$10$s5R2xtcqXpkOrs08HMDfXuvj1LFXZUvH478qELNSie5VHZXBMAT2W','Priya','Kumar','FEMALE',1993,12,'+91-80-8901-2345','Hindi','Bangalore','India','profile_051.jpg','Aerospace engineer working on satellite technology.','2025-09-11 18:41:00',NULL,NULL,1,'USER'),(52,'test52@gmail.com','$2a$10$s5R2xtcqXpkOrs08HMDfXuvj1LFXZUvH478qELNSie5VHZXBMAT2W','Quinn','Davis','MALE',1987,5,'+1-555-001-0052','English','San Francisco','United States','profile_052.jpg','Venture capitalist focusing on green tech.','2025-09-11 18:42:00',NULL,NULL,1,'USER'),(53,'test53@gmail.com','$2a$10$s5R2xtcqXpkOrs08HMDfXuvj1LFXZUvH478qELNSie5VHZXBMAT2W','Rosa','Gonzalez','FEMALE',1984,8,'+34-91-9012-3456','Spanish','Barcelona','Spain','profile_053.jpg','Sustainable agriculture researcher and farmer.','2025-09-11 18:43:00','2025-09-24 21:43:36','2025-09-24 21:43:36',1,'USER'),(54,'test54@gmail.com','$2a$10$s5R2xtcqXpkOrs08HMDfXuvj1LFXZUvH478qELNSie5VHZXBMAT2W','Sebastian','Klaus','MALE',1991,11,'+43-1-0123-4567','German','Vienna','Austria','profile_054.jpg','Classical music conductor and composer.','2025-09-11 18:44:00',NULL,NULL,1,'USER'),(55,'test55@gmail.com','$2a$10$s5R2xtcqXpkOrs08HMDfXuvj1LFXZUvH478qELNSie5VHZXBMAT2W','Tina','Chang','FEMALE',1989,2,'+886-2-1234-5678','Chinese','Taipei','Taiwan','profile_055.jpg','Semiconductor engineer and technology innovator.','2025-09-11 18:45:00',NULL,NULL,1,'USER'),(56,'test56@gmail.com','$2a$10$s5R2xtcqXpkOrs08HMDfXuvj1LFXZUvH478qELNSie5VHZXBMAT2W','Ulrich','Schneider','MALE',1986,7,'+41-44-234-5678','German','Zurich','Switzerland','profile_056.jpg','Banking technology specialist and fintech expert.','2025-09-11 18:46:00',NULL,NULL,1,'USER'),(57,'test57@gmail.com','$2a$10$s5R2xtcqXpkOrs08HMDfXuvj1LFXZUvH478qELNSie5VHZXBMAT2W','Vera','Novakova','FEMALE',1992,4,'+421-2-345-6789','Czech','Bratislava','Slovakia','profile_057.jpg','Renewable energy consultant and wind farm developer.','2025-09-11 18:47:00',NULL,NULL,1,'USER'),(58,'test58@gmail.com','$2a$10$s5R2xtcqXpkOrs08HMDfXuvj1LFXZUvH478qELNSie5VHZXBMAT2W','Wilhelm','Hansen','MALE',1988,10,'+45-70-456-7890','Danish','Aarhus','Denmark','profile_058.jpg','Renewable energy engineer specializing in wind power.','2025-09-11 18:48:00',NULL,NULL,1,'USER'),(59,'test59@gmail.com','$2a$10$s5R2xtcqXpkOrs08HMDfXuvj1LFXZUvH478qELNSie5VHZXBMAT2W','Xenia','Popescu','FEMALE',1985,1,'+40-21-567-8901','Romanian','Bucharest','Romania','profile_059.jpg','Cybersecurity expert and ethical hacker.','2025-09-11 18:49:00',NULL,NULL,1,'USER'),(60,'test60@gmail.com','$2a$10$s5R2xtcqXpkOrs08HMDfXuvj1LFXZUvH478qELNSie5VHZXBMAT2W','Yusuf','Ozkan','MALE',1990,6,'+90-212-678-9012','Turkish','Istanbul','Turkey','profile_060.jpg','Urban planner focusing on smart city development.','2025-09-11 18:50:00','2025-09-11 21:29:44','2025-09-11 21:29:44',1,'USER'),(61,'test61@gmail.com','$2a$10$s5R2xtcqXpkOrs08HMDfXuvj1LFXZUvH478qELNSie5VHZXBMAT2W','Zoe','Adams','FEMALE',1994,9,'+1-555-001-0061','English','Vancouver','Canada','profile_061.jpg','Environmental lawyer and climate change advocate.','2025-09-11 18:51:00','2025-09-11 21:32:33','2025-09-11 21:32:33',1,'USER'),(62,'test62@gmail.com','$2a$10$s5R2xtcqXpkOrs08HMDfXuvj1LFXZUvH478qELNSie5VHZXBMAT2W','Andre','Lefevre','MALE',1987,3,'+32-2-789-0123','French','Brussels','Belgium','profile_062.jpg','European Union policy advisor and diplomat.','2025-09-11 18:52:00','2025-09-11 21:33:52','2025-09-11 21:33:52',1,'USER'),(63,'test63@gmail.com','$2a$10$s5R2xtcqXpkOrs08HMDfXuvj1LFXZUvH478qELNSie5VHZXBMAT2W','Beatriz','Almeida','FEMALE',1991,12,'+351-21-890-1234','Portuguese','Coimbra','Portugal','profile_063.jpg','Medical researcher specializing in infectious diseases.','2025-09-11 18:53:00','2025-09-11 21:37:41','2025-09-11 21:37:41',1,'USER'),(64,'test64@gmail.com','$2a$10$s5R2xtcqXpkOrs08HMDfXuvj1LFXZUvH478qELNSie5VHZXBMAT2W','Christoph','Bauer','MALE',1983,5,'+49-30-901-2345','German','Hamburg','Germany','profile_064.jpg','Maritime engineer and offshore wind specialist.','2025-09-11 18:54:00','2025-09-12 22:30:19','2025-09-12 22:30:19',1,'USER'),(65,'test65@gmail.com','$2a$10$s5R2xtcqXpkOrs08HMDfXuvj1LFXZUvH478qELNSie5VHZXBMAT2W','Danielle','Roy','FEMALE',1989,8,'+1-514-012-3456','French','Montreal','Canada','profile_065.jpg','Film producer and documentary filmmaker.','2025-09-11 18:55:00','2025-09-24 21:06:40','2025-09-24 21:06:40',1,'USER'),(66,'test66@gmail.com','$2a$10$s5R2xtcqXpkOrs08HMDfXuvj1LFXZUvH478qELNSie5VHZXBMAT2W','Emil','Kovalev','MALE',1992,11,'+371-67-123-456','Bulgarian','Riga','Latvia','profile_066.jpg','Digital marketing specialist and e-commerce expert.','2025-09-11 18:56:00','2025-09-12 21:43:04','2025-09-12 21:43:04',1,'USER'),(67,'test67@gmail.com','$2a$10$s5R2xtcqXpkOrs08HMDfXuvj1LFXZUvH478qELNSie5VHZXBMAT2W','Federica','Romano','FEMALE',1986,2,'+39-06-234-5678','Italian','Naples','Italy','profile_067.jpg','Archaeological conservator and heritage specialist.','2025-09-11 18:57:00','2025-09-12 21:10:08','2025-09-12 21:10:08',1,'USER'),(68,'test68@gmail.com','$2a$10$s5R2xtcqXpkOrs08HMDfXuvj1LFXZUvH478qELNSie5VHZXBMAT2W','Georgios','Stavros','MALE',1988,7,'+30-210-345-6789','Greek','Thessaloniki','Greece','profile_068.jpg','Shipping industry consultant and logistics expert.','2025-09-11 18:58:00','2025-09-12 21:42:38','2025-09-12 21:42:38',1,'USER'),(69,'test69@gmail.com','$2a$10$s5R2xtcqXpkOrs08HMDfXuvj1LFXZUvH478qELNSie5VHZXBMAT2W','Hana','Svenson','FEMALE',1993,4,'+46-8-456-7890','Swedish','Uppsala','Sweden','profile_069.jpg','Biotechnology researcher and pharmaceutical developer.','2025-09-11 18:59:00','2025-09-11 22:50:20','2025-09-11 22:50:20',1,'USER'),(70,'test70@gmail.com','$2a$10$s5R2xtcqXpkOrs08HMDfXuvj1LFXZUvH478qELNSie5VHZXBMAT2W','Igor','Mihailov','MALE',1985,10,'+373-22-567-890','Romanian','Chisinau','Moldova','profile_070.jpg','Wine maker and viticulture expert.','2025-09-11 19:00:00','2025-09-12 21:43:19','2025-09-12 21:43:19',1,'USER'),(71,'test71@gmail.com','$2a$10$s5R2xtcqXpkOrs08HMDfXuvj1LFXZUvH478qELNSie5VHZXBMAT2W','Jade','Williams','FEMALE',1990,1,'+44-117-678-9012','English','Bristol','United Kingdom','profile_071.jpg','Sustainable fashion designer and ethical clothing advocate.','2025-09-11 19:01:00',NULL,NULL,1,'USER'),(72,'test72@gmail.com','$2a$10$s5R2xtcqXpkOrs08HMDfXuvj1LFXZUvH478qELNSie5VHZXBMAT2W','Kai','Lindqvist','MALE',1987,6,'+358-40-789-0123','Finnish','Tampere','Finland','profile_072.jpg','Forest engineer and sustainable forestry consultant.','2025-09-11 19:02:00','2025-09-12 21:48:31','2025-09-12 21:48:31',1,'USER'),(73,'test73@gmail.com','$2a$10$s5R2xtcqXpkOrs08HMDfXuvj1LFXZUvH478qELNSie5VHZXBMAT2W','Luna','Martinez','FEMALE',1994,9,'+54-11-890-1234','Spanish','Buenos Aires','Argentina','profile_073.jpg','Tango dancer and cultural anthropologist.','2025-09-11 19:03:00','2025-09-12 21:52:42','2025-09-12 21:52:42',1,'USER'),(74,'test74@gmail.com','$2a$10$s5R2xtcqXpkOrs08HMDfXuvj1LFXZUvH478qELNSie5VHZXBMAT2W','Marco','Ricci','MALE',1982,3,'+39-055-901-2345','Italian','Florence','Italy','profile_074.jpg','Renaissance art historian and museum curator.','2025-09-11 19:04:00',NULL,NULL,1,'USER'),(75,'test75@gmail.com','$2a$10$s5R2xtcqXpkOrs08HMDfXuvj1LFXZUvH478qELNSie5VHZXBMAT2W','Nadia','Kozlov','FEMALE',1991,12,'+7-495-012-3456','Russian','Kazan','Russia','profile_075.jpg','Quantum physicist and particle accelerator specialist.','2025-09-11 19:05:00','2025-09-12 22:22:44','2025-09-12 22:22:44',1,'USER'),(76,'test76@gmail.com','$2a$10$s5R2xtcqXpkOrs08HMDfXuvj1LFXZUvH478qELNSie5VHZXBMAT2W','Otto','Larsen','MALE',1989,5,'+47-51-123-4567','Norwegian','Bergen','Norway','profile_076.jpg','Petroleum engineer transitioning to renewable energy.','2025-09-11 19:06:00',NULL,NULL,1,'USER'),(77,'test77@gmail.com','$2a$10$s5R2xtcqXpkOrs08HMDfXuvj1LFXZUvH478qELNSie5VHZXBMAT2W','Petra','Svoboda','FEMALE',1986,8,'+420-5-234-5678','Czech','Brno','Czech Republic','profile_077.jpg','Software quality assurance engineer and test automation specialist.','2025-09-11 19:07:00',NULL,NULL,1,'USER'),(78,'test78@gmail.com','$2a$10$s5R2xtcqXpkOrs08HMDfXuvj1LFXZUvH478qELNSie5VHZXBMAT2W','Raj','Singh','MALE',1993,11,'+91-11-345-6789','Hindi','Chennai','India','profile_078.jpg','Space technology engineer and satellite systems specialist.','2025-09-11 19:08:00',NULL,NULL,1,'USER'),(79,'test79@gmail.com','$2a$10$s5R2xtcqXpkOrs08HMDfXuvj1LFXZUvH478qELNSie5VHZXBMAT2W','Stella','Andersen','FEMALE',1988,2,'+45-33-456-7890','Danish','Odense','Denmark','profile_079.jpg','Marine renewable energy specialist and ocean engineer.','2025-09-11 19:09:00',NULL,NULL,1,'USER'),(80,'test80@gmail.com','$2a$10$s5R2xtcqXpkOrs08HMDfXuvj1LFXZUvH478qELNSie5VHZXBMAT2W','Teodor','Stoev','MALE',1985,7,'+359-2-567-8901','Bulgarian','Varna','Bulgaria','profile_080.jpg','Digital transformation consultant and IT strategy advisor.','2025-09-11 19:10:00','2025-10-11 18:11:52','2025-10-11 18:11:52',1,'USER'),(81,'test81@gmail.com','$2a$10$s5R2xtcqXpkOrs08HMDfXuvj1LFXZUvH478qELNSie5VHZXBMAT2W','Ursula','Van Houten','FEMALE',1992,4,'+31-30-678-9012','Dutch','Utrecht','Netherlands','profile_081.jpg','Sustainable transportation planner and mobility expert.','2025-09-11 19:11:00','2025-10-11 18:12:10','2025-10-11 18:12:10',1,'USER'),(82,'test82@gmail.com','$2a$10$s5R2xtcqXpkOrs08HMDfXuvj1LFXZUvH478qELNSie5VHZXBMAT2W','Vicente','Moreno','MALE',1987,10,'+34-93-789-0123','Spanish','Valencia','Spain','profile_082.jpg','Robotics engineer and automation specialist.','2025-09-11 19:12:00','2025-10-11 17:07:08','2025-10-11 17:07:08',1,'USER'),(83,'test83@gmail.com','$2a$10$s5R2xtcqXpkOrs08HMDfXuvj1LFXZUvH478qELNSie5VHZXBMAT2W','Wanda','Kowalczyk','FEMALE',1984,1,'+48-12-890-1234','Polish','Krakow','Poland','profile_083.jpg','Historical preservation architect and urban restoration specialist.','2025-09-11 19:13:00',NULL,NULL,1,'USER'),(84,'test84@gmail.com','$2a$10$s5R2xtcqXpkOrs08HMDfXuvj1LFXZUvH478qELNSie5VHZXBMAT2W','Yasin','Demir','MALE',1990,6,'+90-232-901-2345','Turkish','Izmir','Turkey','profile_084.jpg','Textile engineer and sustainable fabric innovator.','2025-09-11 19:14:00',NULL,NULL,1,'USER'),(85,'test85@gmail.com','$2a$10$s5R2xtcqXpkOrs08HMDfXuvj1LFXZUvH478qELNSie5VHZXBMAT2W','Zita','Horvath','FEMALE',1991,9,'+36-30-012-3456','Hungarian','Debrecen','Hungary','profile_085.jpg','Pharmaceutical researcher and drug development specialist.','2025-09-11 19:15:00',NULL,NULL,1,'USER'),(86,'test86@gmail.com','$2a$10$s5R2xtcqXpkOrs08HMDfXuvj1LFXZUvH478qELNSie5VHZXBMAT2W','Adrian','Popovic','MALE',1986,3,'+381-11-123-4567','Serbian','Belgrade','Serbia','profile_086.jpg','Cybersecurity analyst and information security specialist.','2025-09-11 19:16:00',NULL,NULL,1,'USER'),(87,'test87@gmail.com','$2a$10$s5R2xtcqXpkOrs08HMDfXuvj1LFXZUvH478qELNSie5VHZXBMAT2W','Brigitte','Müller','FEMALE',1988,12,'+43-316-234-5678','German','Graz','Austria','profile_087.jpg','Climate research scientist and atmospheric physicist.','2025-09-11 19:17:00',NULL,NULL,1,'USER'),(88,'test88@gmail.com','$2a$10$s5R2xtcqXpkOrs08HMDfXuvj1LFXZUvH478qELNSie5VHZXBMAT2W','Cris','Santos','MALE',1993,5,'+55-21-345-6789','Portuguese','Rio de Janeiro','Brazil','profile_088.jpg','Beach volleyball coach and sports psychologist.','2025-09-11 19:18:00',NULL,NULL,1,'USER'),(89,'test89@gmail.com','$2a$10$s5R2xtcqXpkOrs08HMDfXuvj1LFXZUvH478qELNSie5VHZXBMAT2W','Dina','Kristensen','FEMALE',1985,8,'+45-86-456-7890','Danish','Aalborg','Denmark','profile_089.jpg','Wind energy engineer and turbine design specialist.','2025-09-11 19:19:00',NULL,NULL,1,'USER'),(90,'test90@gmail.com','$2a$10$s5R2xtcqXpkOrs08HMDfXuvj1LFXZUvH478qELNSie5VHZXBMAT2W','Enzo','Bianchi','MALE',1989,11,'+39-011-567-8901','Italian','Turin','Italy','profile_090.jpg','Automotive designer specializing in electric vehicles.','2025-09-11 19:20:00',NULL,NULL,1,'USER'),(91,'test91@gmail.com','$2a$10$s5R2xtcqXpkOrs08HMDfXuvj1LFXZUvH478qELNSie5VHZXBMAT2W','Freja','Nielsen','FEMALE',1992,2,'+45-20-678-9012','Danish','Frederiksberg','Denmark','profile_091.jpg','Digital health innovator and medical technology developer.','2025-09-11 19:21:00',NULL,NULL,1,'USER'),(92,'test92@gmail.com','$2a$10$s5R2xtcqXpkOrs08HMDfXuvj1LFXZUvH478qELNSie5VHZXBMAT2W','Gregor','Zajc','MALE',1987,7,'+386-1-789-0123','Slovenian','Ljubljana','Slovenia','profile_092.jpg','Hydroelectric engineer and renewable energy consultant.','2025-09-11 19:22:00',NULL,NULL,1,'USER'),(93,'test93@gmail.com','$2a$10$s5R2xtcqXpkOrs08HMDfXuvj1LFXZUvH478qELNSie5VHZXBMAT2W','Hilda','Virtanen','FEMALE',1984,4,'+358-50-890-1234','Finnish','Turku','Finland','profile_093.jpg','Arctic research scientist and polar ecosystem specialist.','2025-09-11 19:23:00',NULL,NULL,1,'USER'),(94,'test94@gmail.com','$2a$10$s5R2xtcqXpkOrs08HMDfXuvj1LFXZUvH478qELNSie5VHZXBMAT2W','Isak','Thorsen','MALE',1990,10,'+47-73-901-2345','Norwegian','Trondheim','Norway','profile_094.jpg','Marine technology engineer and underwater robotics specialist.','2025-09-11 19:24:00',NULL,NULL,1,'USER'),(95,'test95@gmail.com','$2a$10$s5R2xtcqXpkOrs08HMDfXuvj1LFXZUvH478qELNSie5VHZXBMAT2W','Jana','Kratka','FEMALE',1991,1,'+421-908-012-345','Slovak','Kosice','Slovakia','profile_095.jpg','Materials science engineer and nanotechnology researcher.','2025-09-11 19:25:00',NULL,NULL,1,'USER'),(96,'test96@gmail.com','$2a$10$s5R2xtcqXpkOrs08HMDfXuvj1LFXZUvH478qELNSie5VHZXBMAT2W','Kristjan','Mets','MALE',1986,6,'+372-555-123-456','Estonian','Tallinn','Estonia','profile_096.jpg','Blockchain developer and cryptocurrency expert.','2025-09-11 19:26:00',NULL,NULL,1,'USER'),(97,'test97@gmail.com','$2a$10$s5R2xtcqXpkOrs08HMDfXuvj1LFXZUvH478qELNSie5VHZXBMAT2W','Laima','Balode','FEMALE',1988,9,'+371-2-234-5678','Latvian','Daugavpils','Latvia','profile_097.jpg','Forest conservation specialist and ecological restoration expert.','2025-09-11 19:27:00',NULL,NULL,1,'USER'),(98,'test98@gmail.com','$2a$10$s5R2xtcqXpkOrs08HMDfXuvj1LFXZUvH478qELNSie5VHZXBMAT2W','Mindaugas','Petrauskas','MALE',1993,3,'+370-5-345-6789','Lithuanian','Vilnius','Lithuania','profile_098.jpg','Laser technology engineer and photonics researcher.','2025-09-11 19:28:00',NULL,NULL,1,'USER'),(99,'test99@gmail.com','$2a$10$s5R2xtcqXpkOrs08HMDfXuvj1LFXZUvH478qELNSie5VHZXBMAT2W','Nora','Kristoffersen','FEMALE',1985,12,'+47-22-456-7890','Norwegian','Stavanger','Norway','profile_099.jpg','Petroleum geologist transitioning to geothermal energy.','2025-09-11 19:29:00',NULL,NULL,1,'USER'),(100,'test100@gmail.com','$2a$10$s5R2xtcqXpkOrs08HMDfXuvj1LFXZUvH478qELNSie5VHZXBMAT2W','Oscar','Lindberg','MALE',1987,5,'+46-31-567-8901','Swedish','Linköping','Sweden','profile_100.jpg','Aerospace engineer working on sustainable aviation technology.','2025-09-11 19:30:00',NULL,NULL,1,'USER'),(101,'test101@gmail.com','$2a$10$s5R2xtcqXpkOrs08HMDfXuvj1LFXZUvH478qELNSie5VHZXBMAT2W','Paula','Svensson','FEMALE',1992,8,'+46-8-678-9012','Swedish','Västerås','Sweden','profile_101.jpg','Clean technology researcher and environmental engineer.','2025-09-11 19:31:00',NULL,NULL,1,'USER'),(102,'test102@gmail.com','$2a$10$s5R2xtcqXpkOrs08HMDfXuvj1LFXZUvH478qELNSie5VHZXBMAT2W','Quinn','Roberts','MALE',1984,11,'+44-131-789-0123','English','Edinburgh','United Kingdom','profile_092.jpg','Whisky distiller and fermentation scientist.','2025-09-11 19:32:00','2025-10-11 17:15:00','2025-10-11 17:15:00',1,'USER'),(103,'test103@gmail.com','$2a$10$s5R2xtcqXpkOrs08HMDfXuvj1LFXZUvH478qELNSie5VHZXBMAT2W','Rita','Fernandes','FEMALE',1989,2,'+351-22-890-1234','Portuguese','Braga','Portugal','profile_103.jpg','Textile sustainability consultant and eco-fashion advocate.','2025-09-11 19:33:00',NULL,NULL,1,'USER'),(104,'test104@gmail.com','$2a$10$s5R2xtcqXpkOrs08HMDfXuvj1LFXZUvH478qELNSie5VHZXBMAT2W','Sven','Karlsson','MALE',1990,7,'+46-40-901-2345','Swedish','Lund','Sweden','profile_104.jpg','Particle physics researcher and quantum computing specialist.','2025-09-11 19:34:00',NULL,NULL,1,'USER'),(105,'test105@gmail.com','$2a$10$s5R2xtcqXpkOrs08HMDfXuvj1LFXZUvH478qELNSie5VHZXBMAT2W','Tara','O\'Connor','FEMALE',1986,4,'+353-1-012-3456','English','Dublin','Ireland','profile_095.jpg','Software architect specializing in distributed systems.','2025-09-11 19:35:00','2025-10-11 17:34:00','2025-10-11 17:34:00',1,'USER'),(106,'test106@gmail.com','$2a$10$s5R2xtcqXpkOrs08HMDfXuvj1LFXZUvH478qELNSie5VHZXBMAT2W','Ugo','Castelli','MALE',1993,10,'+39-02-123-4567','Italian','Genoa','Italy','profile_106.jpg','Maritime logistics specialist and port operations expert.','2025-09-11 19:36:00',NULL,NULL,1,'USER'),(107,'test107@gmail.com','$2a$10$s5R2xtcqXpkOrs08HMDfXuvj1LFXZUvH478qELNSie5VHZXBMAT2W','Viola','Jensen','FEMALE',1988,1,'+45-98-234-5678','Danish','Esbjerg','Denmark','profile_107.jpg','Offshore wind energy engineer and project manager.','2025-09-11 19:37:00',NULL,NULL,1,'USER'),(108,'test108@gmail.com','$2a$10$s5R2xtcqXpkOrs08HMDfXuvj1LFXZUvH478qELNSie5VHZXBMAT2W','Wolfgang','Schmidt','MALE',1985,6,'+49-40-345-6789','German','Frankfurt','Germany','profile_108.jpg','Financial technology innovator and blockchain consultant.','2025-09-11 19:38:00',NULL,NULL,1,'USER'),(109,'test109@gmail.com','$2a$10$s5R2xtcqXpkOrs08HMDfXuvj1LFXZUvH478qELNSie5VHZXBMAT2W','Ximena','Vargas','FEMALE',1991,9,'+57-1-456-7890','Spanish','Bogotá','Colombia','profile_109.jpg','Environmental lawyer and sustainability policy expert.','2025-09-11 19:39:00',NULL,NULL,1,'USER'),(110,'tester.aa@gmail.com','$2a$10$hT0Sr9TGgEOsM5X2rSHnCeBQ69OqugnghX5A.uYLHs8KPVUPlafP6','Tester','AA','MALE',1990,6,'7780001234','English','Burnaby','Canada','fd02172d-f2fa-4811-837c-0b5cfacbf857.jpg','Hello, everyone','2025-09-28 21:31:45','2025-10-10 21:53:39','2025-10-10 21:53:39',1,'USER'),(111,'tester.bb@gmail.com','$2a$10$Y6wtcaZz4bwztzzacfSS6eAG73zlgUaXBrNStCPq3Y5NRV1E3Opxm','Tester','BB','FEMALE',2000,8,'6045559980','Japanese','Tokyo','Japan','f3cdbbb1-264a-4fce-ac99-c14918ff8204.jpg','Hi there','2025-09-28 21:35:05','2025-10-11 16:54:39','2025-10-11 16:54:39',1,'USER');
/*!40000 ALTER TABLE `users` ENABLE KEYS */;
UNLOCK TABLES;

--
-- Dumping events for database 'comp8047'
--

--
-- Dumping routines for database 'comp8047'
--
/*!40103 SET TIME_ZONE=@OLD_TIME_ZONE */;

/*!40101 SET SQL_MODE=@OLD_SQL_MODE */;
/*!40014 SET FOREIGN_KEY_CHECKS=@OLD_FOREIGN_KEY_CHECKS */;
/*!40014 SET UNIQUE_CHECKS=@OLD_UNIQUE_CHECKS */;
/*!40101 SET CHARACTER_SET_CLIENT=@OLD_CHARACTER_SET_CLIENT */;
/*!40101 SET CHARACTER_SET_RESULTS=@OLD_CHARACTER_SET_RESULTS */;
/*!40101 SET COLLATION_CONNECTION=@OLD_COLLATION_CONNECTION */;
/*!40111 SET SQL_NOTES=@OLD_SQL_NOTES */;

-- Dump completed on 2025-10-14 22:21:58
